prompt,urls
a close up of a plate of food with egg,http://images.cocodataset.org/train2017/000000465643.jpg
A skier that has just made a jump in the snow.,http://images.cocodataset.org/train2017/000000559948.jpg
A long haired dog walking through the grass in the back yard.,http://images.cocodataset.org/train2017/000000420914.jpg
A little girl sitting by a freshly made pizza.,http://images.cocodataset.org/train2017/000000490620.jpg
A partially made bed and a reading lamp,http://images.cocodataset.org/train2017/000000555571.jpg
A group of people standing outside of a food truck,http://images.cocodataset.org/train2017/000000535183.jpg
a man surfing a small wave on part of a river,http://images.cocodataset.org/train2017/000000127842.jpg
A man preparing food inside of a kitchen with a  small bird on his shoulder like snow white while wearing a cheap chefs hat.,http://images.cocodataset.org/train2017/000000469793.jpg
Sheep in the process of getting sheered of their wool,http://images.cocodataset.org/train2017/000000288465.jpg
A surfer curls to balance on his board atop the foamy white crest of a wave,http://images.cocodataset.org/train2017/000000006417.jpg
A man sits with his cat while he plays on his Wii.,http://images.cocodataset.org/train2017/000000324285.jpg
A piece of beef on a white plate with broccoli and spinach.,http://images.cocodataset.org/train2017/000000262654.jpg
there is a man that is holding a phone wearing a hat,http://images.cocodataset.org/train2017/000000097682.jpg
there is a elephant that has a red cape or cloth on its back,http://images.cocodataset.org/train2017/000000320796.jpg
There are two yellow lemons and five green lemons and also two oranges,http://images.cocodataset.org/train2017/000000042215.jpg
"A sandwich, carrots and strawberries in a lunch box.",http://images.cocodataset.org/train2017/000000301799.jpg
Two boats pulled ashore in the sand on a river bank.,http://images.cocodataset.org/train2017/000000346377.jpg
Two orange and white kittens sleeping in a pot.,http://images.cocodataset.org/train2017/000000292931.jpg
A couple of chairs and a large bed in a room.,http://images.cocodataset.org/train2017/000000213008.jpg
A picture of a person and a horse in the street.,http://images.cocodataset.org/train2017/000000455956.jpg
A man wearing a black hat and a red neck tie.,http://images.cocodataset.org/train2017/000000044508.jpg
A yellow white and green train traveling down train tracks.,http://images.cocodataset.org/train2017/000000155736.jpg
Hotdogs are cooking on a roaster with condiments arranged alongside.,http://images.cocodataset.org/train2017/000000554607.jpg
A bathroom with an odd shaped toilet next to a shower.,http://images.cocodataset.org/train2017/000000550527.jpg
Guy jumping over the railing while on his skateboard,http://images.cocodataset.org/train2017/000000522612.jpg
People at an airport carrying their luggage with them.,http://images.cocodataset.org/train2017/000000256529.jpg
Two large and one baby elephant walking through the marsh.,http://images.cocodataset.org/train2017/000000054728.jpg
A lady sitting at an enormous dining table with lots of food.,http://images.cocodataset.org/train2017/000000280819.jpg
A man standing in a  lush green field flying a kite.,http://images.cocodataset.org/train2017/000000551518.jpg
Elderly woman looking over boxed pastry items at outdoor venue.,http://images.cocodataset.org/train2017/000000144836.jpg
A group of people snowboarding in the mountains.,http://images.cocodataset.org/train2017/000000423588.jpg
A man brushing his teeth while taking a selfie.,http://images.cocodataset.org/train2017/000000463599.jpg
A group of palm trees with lots of bananas hanging from them.,http://images.cocodataset.org/train2017/000000199319.jpg
A man playign sports in the middle of a stadium,http://images.cocodataset.org/train2017/000000458632.jpg
A man holding a baseball bat during a baseball game.,http://images.cocodataset.org/train2017/000000505934.jpg
A male tennis player dressed in white making a serve.,http://images.cocodataset.org/train2017/000000563951.jpg
A street sign depicting the corner of TUDOR CITY PLACE and E 42 ST.,http://images.cocodataset.org/train2017/000000345711.jpg
A tall wooden pole with a Mcdonald's sign posted to it.,http://images.cocodataset.org/train2017/000000331642.jpg
A woman taking a swing at a ball on a tennis court.,http://images.cocodataset.org/train2017/000000487482.jpg
A power tool sitting on a wooden table next to a knife.,http://images.cocodataset.org/train2017/000000274398.jpg
A picture of a toaster painted on the side of a building.,http://images.cocodataset.org/train2017/000000439827.jpg
A woman taking a picture of a bottle with her phone.,http://images.cocodataset.org/train2017/000000533506.jpg
Three women interacting as they prepare meals in a kitchen.,http://images.cocodataset.org/train2017/000000323100.jpg
A group of people sitting on top of a white blanket next to a bar of chocolate.,http://images.cocodataset.org/train2017/000000134133.jpg
"Two people served steak , potatoes, and green beans.",http://images.cocodataset.org/train2017/000000204549.jpg
Plate of mixed colorful vegetables sitting on white table.,http://images.cocodataset.org/train2017/000000096473.jpg
a man on a skating board jumping very high,http://images.cocodataset.org/train2017/000000074166.jpg
Young boy sitting on top of a briefcase,http://images.cocodataset.org/train2017/000000329717.jpg
Several brown bears standing in the snow next to a green cage.,http://images.cocodataset.org/train2017/000000292435.jpg
Motorcyclist is taking a turn while onlookers observe,http://images.cocodataset.org/train2017/000000372413.jpg
A room full of laptops and video displays,http://images.cocodataset.org/train2017/000000434900.jpg
A herd of elephants walking across a field.,http://images.cocodataset.org/train2017/000000469343.jpg
A woman milks a cow in the grass with another cow and dog nearby.,http://images.cocodataset.org/train2017/000000437609.jpg
A green bowl with two ripe bananas in it.,http://images.cocodataset.org/train2017/000000004749.jpg
Three giraffes are feeding from white buckets that are hanging from a fence.,http://images.cocodataset.org/train2017/000000183701.jpg
A table with a couple of bears on it.,http://images.cocodataset.org/train2017/000000056250.jpg
A giraffe walking through a green grass covered field.,http://images.cocodataset.org/train2017/000000382399.jpg
A man cooks pizzas in a fire kiln.,http://images.cocodataset.org/train2017/000000142687.jpg
a living room with a brown couch by a big window,http://images.cocodataset.org/train2017/000000100848.jpg
A suitcase sitting on a bench in front of a bed.,http://images.cocodataset.org/train2017/000000560332.jpg
A blue and orange bus on street next to buildings.,http://images.cocodataset.org/train2017/000000387082.jpg
an image of a man that is on the tennis court,http://images.cocodataset.org/train2017/000000528714.jpg
A street going through a city with tall buildings.,http://images.cocodataset.org/train2017/000000061520.jpg
Two tall elephants standing behind a fenced in area,http://images.cocodataset.org/train2017/000000036481.jpg
Banana slices and peanut butter on a blue plate.,http://images.cocodataset.org/train2017/000000463555.jpg
The man wears a nice watch and a colorful tie and cufflinks to complete his dapper look.,http://images.cocodataset.org/train2017/000000392174.jpg
A container filled with different types of food.,http://images.cocodataset.org/train2017/000000054092.jpg
A kitchen area with a dining table and counter.,http://images.cocodataset.org/train2017/000000145199.jpg
A statue standing on a sidewalk while holding a black umbrella.,http://images.cocodataset.org/train2017/000000179199.jpg
A woman and a kid in a room.,http://images.cocodataset.org/train2017/000000394474.jpg
A person doing a trick on a snowboard off of a hill.,http://images.cocodataset.org/train2017/000000190689.jpg
Two people sitting on a couch eating chips.,http://images.cocodataset.org/train2017/000000534456.jpg
The airplane is on the runway with two young men standing by.,http://images.cocodataset.org/train2017/000000436456.jpg
A red bus driving past a group of passengers.,http://images.cocodataset.org/train2017/000000551199.jpg
A man sitting on a box on a walkway in a busy city.,http://images.cocodataset.org/train2017/000000109486.jpg
A banana leaning on a lemon that has its end sliced off in front of a spaghetti squash.,http://images.cocodataset.org/train2017/000000238989.jpg
A baseball player holding a bat while standing in a field.,http://images.cocodataset.org/train2017/000000191096.jpg
A boat traveling down a lake next to a shoreline.,http://images.cocodataset.org/train2017/000000002764.jpg
A silver train traveling past a train stations.,http://images.cocodataset.org/train2017/000000160394.jpg
A man pointing at some food on a trey.,http://images.cocodataset.org/train2017/000000262686.jpg
There are mountains in the background and a lake in the middle.,http://images.cocodataset.org/train2017/000000380932.jpg
A person that is on their phone doing something.,http://images.cocodataset.org/train2017/000000535689.jpg
"A parking lot with a car, three buses, and a semi.",http://images.cocodataset.org/train2017/000000171464.jpg
A very plain and dull bathroom that's in someone's house.,http://images.cocodataset.org/train2017/000000482297.jpg
Many jockies are riding horses down a beach.,http://images.cocodataset.org/train2017/000000307569.jpg
A dog jumping in the air catching a Frisbee in its mouth.,http://images.cocodataset.org/train2017/000000345380.jpg
a man that is jumping his skateboard on some concrete,http://images.cocodataset.org/train2017/000000360181.jpg
A modern bathroom with a spacious tub and shower,http://images.cocodataset.org/train2017/000000146999.jpg
A person is seen using a snowboard on the packed snow.,http://images.cocodataset.org/train2017/000000054277.jpg
A vase that has a flower inside of it.,http://images.cocodataset.org/train2017/000000343445.jpg
A group of men on a field playing baseball.,http://images.cocodataset.org/train2017/000000241551.jpg
There are two plates showing.  One has two hot dogs with all the trimmings and one has a potato wrapped in foil.,http://images.cocodataset.org/train2017/000000182511.jpg
Two horses standing behind fence with grassy leaves,http://images.cocodataset.org/train2017/000000185366.jpg
The man is playing a game of tennis on the court.,http://images.cocodataset.org/train2017/000000399968.jpg
A small toaster oven sitting on top of a wooden table.,http://images.cocodataset.org/train2017/000000349525.jpg
A white table topped with a pizza and a pan of food.,http://images.cocodataset.org/train2017/000000315631.jpg
A man presses a banana against his forehead while staring forward.,http://images.cocodataset.org/train2017/000000510080.jpg
a group of zebra stand in a grass field,http://images.cocodataset.org/train2017/000000093639.jpg
a man is crossing the street and there is a yellow traffic light,http://images.cocodataset.org/train2017/000000179346.jpg
An old brick building along side of a river,http://images.cocodataset.org/train2017/000000318415.jpg
A man is skiing and hiking in the snow.,http://images.cocodataset.org/train2017/000000331403.jpg
A man riding a snowboard on top of a snow covered slope.,http://images.cocodataset.org/train2017/000000303342.jpg
Two older women playing Wii very enthusiastically in a living room.,http://images.cocodataset.org/train2017/000000236516.jpg
A cat is sleeping on the arm of a couch.,http://images.cocodataset.org/train2017/000000226220.jpg
A person at a skatepark in mid air on a skate board,http://images.cocodataset.org/train2017/000000037325.jpg
A colorful kite sitting on top of a desert field.,http://images.cocodataset.org/train2017/000000572909.jpg
A large screen monitor on a desk hooked up to a laptop.,http://images.cocodataset.org/train2017/000000071563.jpg
A woman riding a biek down a sidewalk.,http://images.cocodataset.org/train2017/000000049371.jpg
A white toilet sitting next to a brown chair.,http://images.cocodataset.org/train2017/000000287320.jpg
A little boy wearing a white shirt and tie.,http://images.cocodataset.org/train2017/000000172718.jpg
A man sitting on a bench next to a star wars storm trooper.,http://images.cocodataset.org/train2017/000000112664.jpg
A surfer is on his board in the middle of an ocean spraying wave.,http://images.cocodataset.org/train2017/000000396693.jpg
A male tennis player serving the tennis ball.,http://images.cocodataset.org/train2017/000000560819.jpg
a couple of doughnuts sit next to a glass of milk,http://images.cocodataset.org/train2017/000000213525.jpg
"A lunch salad in a yellow bowl made out of fruit, vegetables, and meats with chopsticks.",http://images.cocodataset.org/train2017/000000323925.jpg
The dog is swimming in the lake on a sunny day.,http://images.cocodataset.org/train2017/000000145567.jpg
a small child holding on to his luggage,http://images.cocodataset.org/train2017/000000490178.jpg
A car driving through a tunnel under buildings,http://images.cocodataset.org/train2017/000000393266.jpg
A white and gray dog sits on a bed near a pile of rumpled sheets.,http://images.cocodataset.org/train2017/000000370423.jpg
A tray that has plates of waffles on it.,http://images.cocodataset.org/train2017/000000392048.jpg
"the dish is full of very colorful ingredients,",http://images.cocodataset.org/train2017/000000354019.jpg
A woman baking bread on top of a baking sheet.,http://images.cocodataset.org/train2017/000000306426.jpg
A person lying on a surfboard as others observe them.,http://images.cocodataset.org/train2017/000000524173.jpg
A man with an odd look taking a selfie.,http://images.cocodataset.org/train2017/000000418300.jpg
A person riding a snowboard across a snow covered slope.,http://images.cocodataset.org/train2017/000000259099.jpg
A street sign surrounded by a crowd of people.,http://images.cocodataset.org/train2017/000000263668.jpg
A girl in white shirt painting a black umbrella.,http://images.cocodataset.org/train2017/000000398992.jpg
A family flying a kite at the beach.,http://images.cocodataset.org/train2017/000000204324.jpg
There is a blue and yellow transit bus stopped to pick up passengers.,http://images.cocodataset.org/train2017/000000051167.jpg
A couple of people standing next to each other with food.,http://images.cocodataset.org/train2017/000000334915.jpg
The little girl poses with her dog for a photo.,http://images.cocodataset.org/train2017/000000425136.jpg
A person wrestles with an inside-out umbrella on a roof.,http://images.cocodataset.org/train2017/000000042069.jpg
an open laptop sitting on a wooden desk.,http://images.cocodataset.org/train2017/000000432258.jpg
a person riding a snowboard down a hill,http://images.cocodataset.org/train2017/000000083682.jpg
A fighter jet is flying through a clear sky.,http://images.cocodataset.org/train2017/000000255633.jpg
A street scene with a large truck driving by.,http://images.cocodataset.org/train2017/000000145873.jpg
A large crowd of motorcycle enthusiasts at a motorcycle event.,http://images.cocodataset.org/train2017/000000099425.jpg
"a living room with a brown coach, leading into dining room with big window.",http://images.cocodataset.org/train2017/000000143483.jpg
A pan full of food on top of a stove.,http://images.cocodataset.org/train2017/000000490286.jpg
A person sitting indian style on top of a bed.,http://images.cocodataset.org/train2017/000000047940.jpg
a bowl with some noodles inside of it,http://images.cocodataset.org/train2017/000000511572.jpg
A pizza covered in veggies on a white plate sitting on a table.,http://images.cocodataset.org/train2017/000000003192.jpg
A zebra walking in a grassy plains are with another animal in the background,http://images.cocodataset.org/train2017/000000313557.jpg
Three men all walking in the middle of the road .,http://images.cocodataset.org/train2017/000000191047.jpg
a computer desk with a computer and laptop on top,http://images.cocodataset.org/train2017/000000499842.jpg
A rusty fire hydrant sitting on a city sidewalk.,http://images.cocodataset.org/train2017/000000427956.jpg
A young man crouches on a moving skateboard.,http://images.cocodataset.org/train2017/000000409929.jpg
"Two trays hold fruit, vegetables, cheese and cookies.",http://images.cocodataset.org/train2017/000000011925.jpg
Woman in sunglasses preparing to take a bite of a sandwich.,http://images.cocodataset.org/train2017/000000113473.jpg
A parade on a street with several officers on motorcycles riding while confetti falls from the sky on them.,http://images.cocodataset.org/train2017/000000041128.jpg
A silver rusted looking fire hydrant sitting in the middle of a walkway.,http://images.cocodataset.org/train2017/000000186322.jpg
A large tower that has a weather vain at the top.,http://images.cocodataset.org/train2017/000000464033.jpg
A park bench has been crushed by something,http://images.cocodataset.org/train2017/000000533039.jpg
a silver vase and some silver leaves and a green plant,http://images.cocodataset.org/train2017/000000004079.jpg
A young man standing next to a race car with the red sox logo on it's hood.,http://images.cocodataset.org/train2017/000000408364.jpg
A silver motorcycle with many lights parked on the street.,http://images.cocodataset.org/train2017/000000355221.jpg
A group of zebras drinking water from a pond next to trees.,http://images.cocodataset.org/train2017/000000231942.jpg
A lot of wooden shelves filled with lots of clutter.,http://images.cocodataset.org/train2017/000000069750.jpg
A man bending down next to a bicycle.,http://images.cocodataset.org/train2017/000000309071.jpg
A man riding a board over the top of a wave.,http://images.cocodataset.org/train2017/000000009628.jpg
"A meal on an airplane of cereal, milk, and fruit.",http://images.cocodataset.org/train2017/000000324008.jpg
A crowd of people standing on a green field before a capital building.,http://images.cocodataset.org/train2017/000000050100.jpg
An old image of the Railway Station in toowoomba.,http://images.cocodataset.org/train2017/000000288633.jpg
A large red vase sitting in front of a building.,http://images.cocodataset.org/train2017/000000361172.jpg
"a bicycle sits on its stand in the middle of a grassy, wooded area",http://images.cocodataset.org/train2017/000000292819.jpg
A man with spiked hair looks at a laptop computer.,http://images.cocodataset.org/train2017/000000529139.jpg
A skateboard going down a street with cars.,http://images.cocodataset.org/train2017/000000498759.jpg
"As the horses graze, their friend the dog looks on.",http://images.cocodataset.org/train2017/000000335851.jpg
A price sign for broccoli is in front of some radishes.,http://images.cocodataset.org/train2017/000000448492.jpg
a blue and white passenger train coming to a stop,http://images.cocodataset.org/train2017/000000150893.jpg
An old fashioned stove top oven with pots sitting on top of it.,http://images.cocodataset.org/train2017/000000536369.jpg
There are police men standing and some are sitting on horses,http://images.cocodataset.org/train2017/000000447279.jpg
A bus loading and unloading passengers in front of a Pizza Hut,http://images.cocodataset.org/train2017/000000327919.jpg
An airplane flying in a blue sky with it's landing gear down.,http://images.cocodataset.org/train2017/000000085145.jpg
A living room filled with furniture both in the day and the night.,http://images.cocodataset.org/train2017/000000114341.jpg
"A stove top oven covered in plates, pots and a water pot.",http://images.cocodataset.org/train2017/000000505133.jpg
A metal juicer sitting on top of a table next to veggies.,http://images.cocodataset.org/train2017/000000386092.jpg
Several baskets filled with food sitting on a table.,http://images.cocodataset.org/train2017/000000517515.jpg
Three people posing for a picture in front of a cell phone case.,http://images.cocodataset.org/train2017/000000397433.jpg
A snowboarder in a colorful jacket racing down a slope.,http://images.cocodataset.org/train2017/000000541474.jpg
Large airplane flying below the clouds from underneath,http://images.cocodataset.org/train2017/000000403820.jpg
A bus turning a corner at an intersection.,http://images.cocodataset.org/train2017/000000175570.jpg
A dog that is laying down on a couch.,http://images.cocodataset.org/train2017/000000386500.jpg
A dog with his leash attached to a bench,http://images.cocodataset.org/train2017/000000217082.jpg
a skier and a snowboarder in front of a large house,http://images.cocodataset.org/train2017/000000041687.jpg
A zebra standing on the grass holding its head near the ground.,http://images.cocodataset.org/train2017/000000213023.jpg
A grey tabby kitten inside a black suit case.,http://images.cocodataset.org/train2017/000000571835.jpg
Colorful post notes are placed all over the bathroom and shower walls.,http://images.cocodataset.org/train2017/000000233112.jpg
"A table with teddy bears, sandwiches and other items.",http://images.cocodataset.org/train2017/000000468203.jpg
The green and beige double decker bus is parked beside a brick building.,http://images.cocodataset.org/train2017/000000504342.jpg
A painted sign of a blue bird in a tree in the woods.,http://images.cocodataset.org/train2017/000000139660.jpg
Three pots of flowers are placed on a window sill.,http://images.cocodataset.org/train2017/000000027935.jpg
Two young boys riding skis down the side of a snow covered slope.,http://images.cocodataset.org/train2017/000000145378.jpg
A helicopter flying through a light blue sky.,http://images.cocodataset.org/train2017/000000285068.jpg
A clock has four faces on each side of an information booth.,http://images.cocodataset.org/train2017/000000295728.jpg
A computer desk with a green mat sitting on top of it.,http://images.cocodataset.org/train2017/000000152751.jpg
A bed sitting on a hard wood floor.,http://images.cocodataset.org/train2017/000000019888.jpg
an Asian man standing by the back of a taxi cab in the city,http://images.cocodataset.org/train2017/000000385454.jpg
There is a train traveling down the tracks.,http://images.cocodataset.org/train2017/000000404071.jpg
A child standing in a room with a remote.,http://images.cocodataset.org/train2017/000000551107.jpg
Woman eating a hot dog standing in front of a fountain.,http://images.cocodataset.org/train2017/000000399759.jpg
A black bird sitting on top of a wooden fence.,http://images.cocodataset.org/train2017/000000372249.jpg
A white and black checkered floor in a kitchen.,http://images.cocodataset.org/train2017/000000300324.jpg
A pond with various birds and ducks swimming.,http://images.cocodataset.org/train2017/000000448278.jpg
A close up of black and white zebra stripes.,http://images.cocodataset.org/train2017/000000063403.jpg
a young man is about to throw a ball.,http://images.cocodataset.org/train2017/000000357916.jpg
A man stands out in the rain underneath an umbrella.,http://images.cocodataset.org/train2017/000000047004.jpg
"A close-up of a zebra's face, eating dry grass in a pen.",http://images.cocodataset.org/train2017/000000540564.jpg
The laptop is on the wooden desk near the man,http://images.cocodataset.org/train2017/000000228013.jpg
People are walking their horses along the beach.,http://images.cocodataset.org/train2017/000000573134.jpg
A gray cat on top of a fridge with some foodstuffs,http://images.cocodataset.org/train2017/000000155974.jpg
"A hot dog, with pickle and tomato topping, sits on a plate.",http://images.cocodataset.org/train2017/000000437923.jpg
A bird perched on top of a tree branch.,http://images.cocodataset.org/train2017/000000162503.jpg
A sign for a state fair is under a street sign.,http://images.cocodataset.org/train2017/000000029056.jpg
Many yellow and green lemons are stacked in baskets.,http://images.cocodataset.org/train2017/000000456931.jpg
Three giraffes and one zebra graze is in part of the grasslands,http://images.cocodataset.org/train2017/000000140691.jpg
A family of giraffes stand together beside a wood fence.,http://images.cocodataset.org/train2017/000000553081.jpg
The lights are on above the mirror of the bathroom sink.,http://images.cocodataset.org/train2017/000000472445.jpg
A horse rolling around on it's back in a green park.,http://images.cocodataset.org/train2017/000000336949.jpg
A man holding a white frisbee while standing on a field.,http://images.cocodataset.org/train2017/000000114352.jpg
A girl is skateboarding down the Hollywood walk of fame.,http://images.cocodataset.org/train2017/000000216228.jpg
a couple of people that are flying some kites,http://images.cocodataset.org/train2017/000000503569.jpg
a vase on top of a table with a weird looking flower in it.,http://images.cocodataset.org/train2017/000000430052.jpg
a bunch of veggies like broccoli and some onions,http://images.cocodataset.org/train2017/000000416641.jpg
Four adults riding on a boat that is homemade.,http://images.cocodataset.org/train2017/000000356622.jpg
A man holding a brown dog and a video camera.,http://images.cocodataset.org/train2017/000000008787.jpg
the elephants are  all next to each other under the tree,http://images.cocodataset.org/train2017/000000154173.jpg
a blond woman with a spoon and a blender,http://images.cocodataset.org/train2017/000000513600.jpg
A paper bowl filled with cake and a muffin next to a banana.,http://images.cocodataset.org/train2017/000000313337.jpg
Two giraffes looking in opposite directions and crossing necks.,http://images.cocodataset.org/train2017/000000246530.jpg
A pile of orange sitting inside of net bags.,http://images.cocodataset.org/train2017/000000383726.jpg
The cords of the computer and it's peripherals are jumbled up.,http://images.cocodataset.org/train2017/000000459428.jpg
A gray tiger cat sitting at a wooden table on a chair.,http://images.cocodataset.org/train2017/000000026942.jpg
Two cut up pizzas sitting on pizza pans on top of a stove.,http://images.cocodataset.org/train2017/000000251920.jpg
Clocks on a the tower of an old building.,http://images.cocodataset.org/train2017/000000322822.jpg
A woman holding a black umbrella as she stands behind a car.,http://images.cocodataset.org/train2017/000000265125.jpg
a woman hitting a tennis ball with her racket,http://images.cocodataset.org/train2017/000000153130.jpg
A bath tub sitting next to a sink in a bathroom.,http://images.cocodataset.org/train2017/000000129001.jpg
A white kitchen counter next to an oven.,http://images.cocodataset.org/train2017/000000569801.jpg
A pizza sitting on top of a white plate covered in cheese and sauce.,http://images.cocodataset.org/train2017/000000128059.jpg
a man surrounded by some snow covered trees,http://images.cocodataset.org/train2017/000000209602.jpg
These children are sleeping in the same bed.,http://images.cocodataset.org/train2017/000000100895.jpg
A living room with furniture and a lamp in a corner.,http://images.cocodataset.org/train2017/000000129739.jpg
A toilet room in the process of being renovated,http://images.cocodataset.org/train2017/000000126941.jpg
a white bus is on a city street,http://images.cocodataset.org/train2017/000000525542.jpg
There is a large amount of bananas hanging up.,http://images.cocodataset.org/train2017/000000349402.jpg
A man holding a suitcase in one hand and hat in the other,http://images.cocodataset.org/train2017/000000539738.jpg
Many people prefer a rare steak when eating out.,http://images.cocodataset.org/train2017/000000251531.jpg
A little girl laying on top of a bed on her stomach.,http://images.cocodataset.org/train2017/000000358502.jpg
A bunch of fresh carrots still covered with dirt in a basket.,http://images.cocodataset.org/train2017/000000143671.jpg
A crowd standing around a bed next to a building.,http://images.cocodataset.org/train2017/000000544611.jpg
A man standing outside of a building next to bicycles.,http://images.cocodataset.org/train2017/000000549386.jpg
Three women that are sitting on a bench.,http://images.cocodataset.org/train2017/000000293315.jpg
Snowboarders sit on a mountain slope in the snow.,http://images.cocodataset.org/train2017/000000348524.jpg
A group of young women getting food from a table.,http://images.cocodataset.org/train2017/000000328728.jpg
Skateboarder performing trick on side of ramp while his shirts off,http://images.cocodataset.org/train2017/000000099583.jpg
A cat looks tired while wearing a small plastic hat.,http://images.cocodataset.org/train2017/000000339738.jpg
An umpire and baseball players standing on the baseball field,http://images.cocodataset.org/train2017/000000470070.jpg
A tall wooden pole with two street signs hanging from it.,http://images.cocodataset.org/train2017/000000228415.jpg
A refrigerator that has a microwave above it in the kitchen.,http://images.cocodataset.org/train2017/000000409855.jpg
Little girl stands in the room looking at a cell phone,http://images.cocodataset.org/train2017/000000566756.jpg
A man is sitting in a bathtub cowering and naked.,http://images.cocodataset.org/train2017/000000121875.jpg
A man sits with his bike on the beach,http://images.cocodataset.org/train2017/000000145025.jpg
Two giraffe standing on a dirt road next to a jungle,http://images.cocodataset.org/train2017/000000567198.jpg
A couple of women sitting at a table next to drinks.,http://images.cocodataset.org/train2017/000000427245.jpg
Elephants stand together near a log in an enclosure.,http://images.cocodataset.org/train2017/000000292384.jpg
A man standing on a tennis court holding up a racquet.,http://images.cocodataset.org/train2017/000000239202.jpg
A light that is above a white sign.,http://images.cocodataset.org/train2017/000000208708.jpg
"The bathroom is small but clean and neat looking, with an immaculate black and white tub / shower.",http://images.cocodataset.org/train2017/000000474430.jpg
A fried and breaded sandwich is topped with preserves.,http://images.cocodataset.org/train2017/000000144486.jpg
A very long table filled with glasses in a dark room.,http://images.cocodataset.org/train2017/000000181249.jpg
The cat is looking through the window at  the animal eating the seed in the feeder.,http://images.cocodataset.org/train2017/000000126540.jpg
A boy does a skateboard trick in front of street art.,http://images.cocodataset.org/train2017/000000103697.jpg
a man sitting on a bench talking on his cell phone,http://images.cocodataset.org/train2017/000000422517.jpg
People are walking around at a technology convention.,http://images.cocodataset.org/train2017/000000326075.jpg
A plate that has different types of food on a table.,http://images.cocodataset.org/train2017/000000239808.jpg
A young boy and girl sitting and eating at a childs table with a dog nearby.,http://images.cocodataset.org/train2017/000000292463.jpg
A blue and yellow train coming to a stop at a station.,http://images.cocodataset.org/train2017/000000503939.jpg
A white toilet sitting next to a walk in shower.,http://images.cocodataset.org/train2017/000000239959.jpg
Two men sitting at a table with smiles on their faces.,http://images.cocodataset.org/train2017/000000063231.jpg
Three street signs located next to a brick building.,http://images.cocodataset.org/train2017/000000432647.jpg
a close up view of a pie with strussel toppings,http://images.cocodataset.org/train2017/000000214124.jpg
a large body of water with trees in the background,http://images.cocodataset.org/train2017/000000458240.jpg
That tub is usually one found in a nursing home.,http://images.cocodataset.org/train2017/000000430287.jpg
A bowl of food sitting on top of a white kitchen counter.,http://images.cocodataset.org/train2017/000000258266.jpg
a large giraffe is outside eating from a tree,http://images.cocodataset.org/train2017/000000571925.jpg
A skier bending down to gain momentum as she goes down the slope.,http://images.cocodataset.org/train2017/000000434662.jpg
A man wearing a white shirt and a flowery tie.,http://images.cocodataset.org/train2017/000000134807.jpg
A small boat unattended in a bay near a sailboat.,http://images.cocodataset.org/train2017/000000187235.jpg
a closeup of a slice of pizza covered with various ingredients,http://images.cocodataset.org/train2017/000000105689.jpg
A white bus sitting next to lots of buildings.,http://images.cocodataset.org/train2017/000000258291.jpg
A young man with a goatee talking on a cell phone,http://images.cocodataset.org/train2017/000000285451.jpg
A white tanker truck driving down a street next to a bus.,http://images.cocodataset.org/train2017/000000038180.jpg
A pizza sitting inside of a cardboard box covered in toppings.,http://images.cocodataset.org/train2017/000000468457.jpg
A fire hydrant that is spewing water in the middle of a city.,http://images.cocodataset.org/train2017/000000173125.jpg
An empty train station with a train parked in waiting.,http://images.cocodataset.org/train2017/000000496765.jpg
A kitchen with a white stove and oven.,http://images.cocodataset.org/train2017/000000283190.jpg
A man with a red neck tie and a gray jacket.,http://images.cocodataset.org/train2017/000000363403.jpg
A woman on a cell phone on a street.,http://images.cocodataset.org/train2017/000000468751.jpg
China Airlines plain on the ground at an airport with baggage cars nearby.,http://images.cocodataset.org/train2017/000000488278.jpg
A plate of carrots and cranberry sauce are the focal points on this table.,http://images.cocodataset.org/train2017/000000431464.jpg
Two children who are sitting next to each other naked.,http://images.cocodataset.org/train2017/000000039743.jpg
A group of skiers adjusts their gear during a heavy snow.,http://images.cocodataset.org/train2017/000000422622.jpg
a man in a uniform checking out the wreckage of a bus crash,http://images.cocodataset.org/train2017/000000245818.jpg
A person holding a phone and a lcd screen dial.,http://images.cocodataset.org/train2017/000000397613.jpg
an image of a man sitting in front of desert at a restaurant,http://images.cocodataset.org/train2017/000000425964.jpg
A giraffe walking in a grassy area next to trees.,http://images.cocodataset.org/train2017/000000110759.jpg
A woman smiling with a cell phone in her hand.,http://images.cocodataset.org/train2017/000000030034.jpg
A New York Yankees player swings at a pitch,http://images.cocodataset.org/train2017/000000084735.jpg
A couple of young men standing next to each other.,http://images.cocodataset.org/train2017/000000020781.jpg
A cute orange cat sitting on top of a structure.,http://images.cocodataset.org/train2017/000000271680.jpg
A picture of two different types of pizzas on separate pans.,http://images.cocodataset.org/train2017/000000556478.jpg
A small brown hamster eating a piece of broccoli.,http://images.cocodataset.org/train2017/000000519446.jpg
Someone going down a hill on ski's .,http://images.cocodataset.org/train2017/000000192944.jpg
A dark picture of a toilet with a small roll of toilet paper on the back of the tank.,http://images.cocodataset.org/train2017/000000507879.jpg
The teddy bear looks like it is going to drink the beer.,http://images.cocodataset.org/train2017/000000287387.jpg
A tennis player with a racket at the court,http://images.cocodataset.org/train2017/000000502982.jpg
A toilet with a light blue cover next to a shower.,http://images.cocodataset.org/train2017/000000257660.jpg
The clock on the corner of the sidewalk reads 4:38.,http://images.cocodataset.org/train2017/000000002529.jpg
A person that is holding some food in her hand.,http://images.cocodataset.org/train2017/000000399510.jpg
A delicious looking brownie sitting on a white plate.,http://images.cocodataset.org/train2017/000000446428.jpg
A young man in glasses is eating a carrot.,http://images.cocodataset.org/train2017/000000549427.jpg
A man in a kitchen instructing a woman on what to do,http://images.cocodataset.org/train2017/000000130909.jpg
Black and white photograph of dogs riding in bed of truck.,http://images.cocodataset.org/train2017/000000242570.jpg
Two jumbo jets display their company emblems on a runway.,http://images.cocodataset.org/train2017/000000423837.jpg
a kitchen with a refrigerator and tiled floors,http://images.cocodataset.org/train2017/000000554523.jpg
a man that is typing on his laptop,http://images.cocodataset.org/train2017/000000129784.jpg
A crowded beach with people playing frisbee,http://images.cocodataset.org/train2017/000000278506.jpg
A dog that is laying next to a book.,http://images.cocodataset.org/train2017/000000532693.jpg
A picture of a broken down stop sign.,http://images.cocodataset.org/train2017/000000088652.jpg
A gray and white puppy on a leash atop a skateboard.,http://images.cocodataset.org/train2017/000000323602.jpg
The mirror is reflecting a dog on the bed.,http://images.cocodataset.org/train2017/000000044950.jpg
A kite that is laying down in the sand.,http://images.cocodataset.org/train2017/000000558608.jpg
A living room with chairs and a wall of windows looking to a patio.,http://images.cocodataset.org/train2017/000000133679.jpg
Guy jumps up to catch the frisbee in the gym,http://images.cocodataset.org/train2017/000000273321.jpg
Two zebras stand outside in front of some tall grass.,http://images.cocodataset.org/train2017/000000557220.jpg
A man in a suit and tie is sitting on a bench.,http://images.cocodataset.org/train2017/000000300214.jpg
A man in black hovers over a skateboard while they are both in the air.,http://images.cocodataset.org/train2017/000000172408.jpg
a lady in a blue dress on tennis court bouncing ball.,http://images.cocodataset.org/train2017/000000510182.jpg
A crab cake on a bun with lettuce and tomato and a side of cole slaw.,http://images.cocodataset.org/train2017/000000442929.jpg
A bridge and castle by big bin in london.,http://images.cocodataset.org/train2017/000000256095.jpg
A couple sharing an umbrella on a rainy day.,http://images.cocodataset.org/train2017/000000350974.jpg
A baseball player is getting ready to hit a pitch.,http://images.cocodataset.org/train2017/000000199122.jpg
A toilet in a restroom next to a toilet paper dispenser,http://images.cocodataset.org/train2017/000000009288.jpg
A man on motorbike rides in front of a large parade of traffic.,http://images.cocodataset.org/train2017/000000555763.jpg
A man riding a bike down a street past a young man.,http://images.cocodataset.org/train2017/000000493846.jpg
A cat and dog walk alongside each other.,http://images.cocodataset.org/train2017/000000019304.jpg
"Two men playing Ultimate Frisbee, with one holding the disc upside down.",http://images.cocodataset.org/train2017/000000168334.jpg
The kitchen features a table in the middle of the room.,http://images.cocodataset.org/train2017/000000092998.jpg
A brown donut on a thin piece of white paper.,http://images.cocodataset.org/train2017/000000080300.jpg
Roadway signs on post on sidewalk of large urban city.,http://images.cocodataset.org/train2017/000000476841.jpg
Some shirtless guys hanging around near each other.,http://images.cocodataset.org/train2017/000000164250.jpg
A brown bear sitting on top of a seat next to luggage.,http://images.cocodataset.org/train2017/000000068771.jpg
A group of people sitting at a table in a room.,http://images.cocodataset.org/train2017/000000028719.jpg
A person in a park holding a kite.,http://images.cocodataset.org/train2017/000000065051.jpg
"A plate with banana's, carrots, blueberries, and oranges.",http://images.cocodataset.org/train2017/000000461172.jpg
a man standing next to a red train near a train track,http://images.cocodataset.org/train2017/000000426175.jpg
Green dump truck with a yellow bed sitting on a road.,http://images.cocodataset.org/train2017/000000446460.jpg
a airplane on a runway with the door open,http://images.cocodataset.org/train2017/000000227940.jpg
A man drags a tree behind him through the snow,http://images.cocodataset.org/train2017/000000087070.jpg
A man on a mass transit vehicle while on a cell phone.,http://images.cocodataset.org/train2017/000000456807.jpg
A book is being held open by a person's hands.,http://images.cocodataset.org/train2017/000000243882.jpg
Three women that are finishing a skiing tournament,http://images.cocodataset.org/train2017/000000396687.jpg
A woman walks down an alley with an umbrella.,http://images.cocodataset.org/train2017/000000271844.jpg
A semi busy street in a delightful neighborhood,http://images.cocodataset.org/train2017/000000479727.jpg
A sheep dog herding a group of three sheep.,http://images.cocodataset.org/train2017/000000499302.jpg
A dog and a cat laying together in a pet bed.,http://images.cocodataset.org/train2017/000000306395.jpg
a large giraffe eating  something off of a branch.,http://images.cocodataset.org/train2017/000000526143.jpg
A man holding a pair of headphones in his left hand.,http://images.cocodataset.org/train2017/000000482605.jpg
a person catching a Frisbee in an odd position,http://images.cocodataset.org/train2017/000000297244.jpg
Attendants at a fancy event wear long dresses and tuxedos.,http://images.cocodataset.org/train2017/000000398637.jpg
A bed with pillows in a small room.,http://images.cocodataset.org/train2017/000000144635.jpg
A bus driving down a street next to tall buildings.,http://images.cocodataset.org/train2017/000000445606.jpg
A living room filled with furniture and a TV.,http://images.cocodataset.org/train2017/000000491408.jpg
a close up of a cat on the ground near a chair,http://images.cocodataset.org/train2017/000000118929.jpg
A street scene with a pole with the clock on top.,http://images.cocodataset.org/train2017/000000074137.jpg
A very young boy is trying to bat a ball being thrown to him.,http://images.cocodataset.org/train2017/000000427181.jpg
A girl in the snow wearing vintage ski equipment.,http://images.cocodataset.org/train2017/000000140007.jpg
A red train traveling through a rural countryside.,http://images.cocodataset.org/train2017/000000050496.jpg
A group of giraffe standing on top of a dirt field.,http://images.cocodataset.org/train2017/000000333290.jpg
"A bathroom with a toilet, towel rack and a tub in it.",http://images.cocodataset.org/train2017/000000296707.jpg
a room showing a toilet and a bathtub,http://images.cocodataset.org/train2017/000000435005.jpg
A lady in pink sitting on a bench next to a man standing in a beige suit.,http://images.cocodataset.org/train2017/000000129690.jpg
A man sitting on the head of an elephant.,http://images.cocodataset.org/train2017/000000097748.jpg
a room with a bed and multiple items in it,http://images.cocodataset.org/train2017/000000138871.jpg
Two baby elephants are playing at the feet of two adult elephants.,http://images.cocodataset.org/train2017/000000323295.jpg
a red truck is parked in a lot,http://images.cocodataset.org/train2017/000000087419.jpg
Two rows of red double decker buses on a green lawn,http://images.cocodataset.org/train2017/000000548159.jpg
A table and a clock in a small room.,http://images.cocodataset.org/train2017/000000452727.jpg
a large tower that has a clock on top,http://images.cocodataset.org/train2017/000000335132.jpg
A man holding a bunch of green bananas over his right shoulder.,http://images.cocodataset.org/train2017/000000553253.jpg
A train is in a station and is in black and white.,http://images.cocodataset.org/train2017/000000482927.jpg
A conference room is packed with people sitting at their laptops.,http://images.cocodataset.org/train2017/000000220607.jpg
A large teddy bear sits in a chair outside of a shop selling hats,http://images.cocodataset.org/train2017/000000265851.jpg
A train is moving along train tracks through the woods.,http://images.cocodataset.org/train2017/000000025747.jpg
Vintage picture of a man and a horse on the farm.,http://images.cocodataset.org/train2017/000000407057.jpg
A little boy sitting on a bed drinking from a cup.,http://images.cocodataset.org/train2017/000000289941.jpg
A woman carrying a container filled with food.,http://images.cocodataset.org/train2017/000000252091.jpg
A cut in half sandwich on a plate with fries.,http://images.cocodataset.org/train2017/000000327114.jpg
An old truck carrying luggage at the back,http://images.cocodataset.org/train2017/000000446324.jpg
A wagon with a pink umbrella sitting in front of a store.,http://images.cocodataset.org/train2017/000000301724.jpg
a guy falling backwards during a jump on a skateboard,http://images.cocodataset.org/train2017/000000098599.jpg
A motor cycle procession down a wet street.,http://images.cocodataset.org/train2017/000000562356.jpg
Someone taking a slefie with a large camera in a large mirror.,http://images.cocodataset.org/train2017/000000213978.jpg
A red carrier of some sort with a brown handle,http://images.cocodataset.org/train2017/000000381968.jpg
A young child in the yard holding up a bat.,http://images.cocodataset.org/train2017/000000131089.jpg
A modern jet airplane coming in to park at the gate of an airport,http://images.cocodataset.org/train2017/000000483475.jpg
there are two sandwiches that are on two white plates,http://images.cocodataset.org/train2017/000000123642.jpg
a pink hat and a cellphone on some weaved basket,http://images.cocodataset.org/train2017/000000340637.jpg
Two zebra standing side by side on a dirt field.,http://images.cocodataset.org/train2017/000000530266.jpg
A bus stopped on the side of the road while people board it.,http://images.cocodataset.org/train2017/000000192128.jpg
A beautiful woman with blue eyes holding a banana.,http://images.cocodataset.org/train2017/000000251508.jpg
The two laptops are still on the table.,http://images.cocodataset.org/train2017/000000272630.jpg
A boy skateboarder making a high jump in a parking lot.,http://images.cocodataset.org/train2017/000000088335.jpg
A child wearing an orange tie holding a paintbrush.,http://images.cocodataset.org/train2017/000000183677.jpg
There was a sandwich and cheese and meet served.,http://images.cocodataset.org/train2017/000000554100.jpg
Potatoes sitting underneath a bunch of bananas.,http://images.cocodataset.org/train2017/000000370388.jpg
A group of six cinnamon rolls sitting inside of an oven .,http://images.cocodataset.org/train2017/000000093601.jpg
A tall giraffe is standing by a fence.,http://images.cocodataset.org/train2017/000000388212.jpg
Woman riding her bike down a small side path.,http://images.cocodataset.org/train2017/000000139291.jpg
Half a dozen donuts from Krispy Kreme of various different flavors.,http://images.cocodataset.org/train2017/000000294264.jpg
three orange and white trucks and an orange building,http://images.cocodataset.org/train2017/000000472540.jpg
A table set out with a plate of sandwiches and a cup of coffee.,http://images.cocodataset.org/train2017/000000540172.jpg
A man is standing next to a tree with a surfboard.,http://images.cocodataset.org/train2017/000000395462.jpg
A gray teddy bear leaning up a counter next to the ocean.,http://images.cocodataset.org/train2017/000000348186.jpg
A man and woman holding surfboards close to the sea,http://images.cocodataset.org/train2017/000000077596.jpg
a toilet with no tank attached to the wall,http://images.cocodataset.org/train2017/000000531167.jpg
a small white toilet is in a tiny bathroom,http://images.cocodataset.org/train2017/000000160283.jpg
A man holds a snowboard inside a building with snow while people hang out in the background.,http://images.cocodataset.org/train2017/000000319908.jpg
two bears touching noses standing on rocks,http://images.cocodataset.org/train2017/000000399921.jpg
A group of women who are laying on a beach.,http://images.cocodataset.org/train2017/000000248364.jpg
A young woman in a bikini in the ocean with her surfboard.,http://images.cocodataset.org/train2017/000000287828.jpg
two kids play at the beach with their kite,http://images.cocodataset.org/train2017/000000381106.jpg
A sign hanging from the side of a sushi restaurant.,http://images.cocodataset.org/train2017/000000571834.jpg
An open laptop computer next to two other open laptops.,http://images.cocodataset.org/train2017/000000417727.jpg
Someone is holding the muzzle of this black and tan dog.,http://images.cocodataset.org/train2017/000000548500.jpg
A group of children playing a game of soccer.,http://images.cocodataset.org/train2017/000000173959.jpg
A young man is leaning against a pole while talking on a cell phone.,http://images.cocodataset.org/train2017/000000488069.jpg
Woman outside playing a game of frisbee with a dog,http://images.cocodataset.org/train2017/000000293554.jpg
"A desk with three computer monitors, stacks of books and a phone.",http://images.cocodataset.org/train2017/000000213351.jpg
A boat is in a muddy body of water.,http://images.cocodataset.org/train2017/000000455588.jpg
A lady stops along a street to munch down a hotdog.,http://images.cocodataset.org/train2017/000000451623.jpg
"Man in white suit, riding white horse in ceremonial procession.",http://images.cocodataset.org/train2017/000000092675.jpg
A large filled with lots of purple flowers behind a blue sign,http://images.cocodataset.org/train2017/000000395865.jpg
A man and woman throwing a frisbee on the beach.,http://images.cocodataset.org/train2017/000000372683.jpg
A small white mouse sleeping on top of a remote control.,http://images.cocodataset.org/train2017/000000355228.jpg
A young bull looking pretty mean at the camera.,http://images.cocodataset.org/train2017/000000472648.jpg
Two blonde horses standing in a field grazing on grass.,http://images.cocodataset.org/train2017/000000368153.jpg
A plate with rice topped with scallops and a side of broccoli.,http://images.cocodataset.org/train2017/000000493941.jpg
a person wearing a gorilla costume and a suit and tie,http://images.cocodataset.org/train2017/000000240185.jpg
A lone woman stands at an empty train station.,http://images.cocodataset.org/train2017/000000070870.jpg
A man flying into the air on top of a skateboard ramp.,http://images.cocodataset.org/train2017/000000362005.jpg
An adult and baby elephant grazing in the green grass.,http://images.cocodataset.org/train2017/000000092034.jpg
The animals are grazing and eating in the grass.,http://images.cocodataset.org/train2017/000000154028.jpg
Colorful room with two bouquets of flowers on a table.,http://images.cocodataset.org/train2017/000000144539.jpg
A kitten standing next to a bunch of bananas on a bed.,http://images.cocodataset.org/train2017/000000259475.jpg
Black and white picture of guy and girl in an embrace on a park bench.,http://images.cocodataset.org/train2017/000000524436.jpg
A red bus parked in front of a building on the side of a street.,http://images.cocodataset.org/train2017/000000236010.jpg
A woman in white shirt climbing onto an elephant.,http://images.cocodataset.org/train2017/000000018896.jpg
A shirtless man in a hat making luch,http://images.cocodataset.org/train2017/000000382797.jpg
A dog wrapping its leg around a stuffed bear.,http://images.cocodataset.org/train2017/000000335288.jpg
A skater prepares to drop in from the top of a ramp.,http://images.cocodataset.org/train2017/000000481115.jpg
Group of people walking on skis on a field of snow.,http://images.cocodataset.org/train2017/000000205473.jpg
A person standing on a walkway area and flying a kite in the air above him.,http://images.cocodataset.org/train2017/000000117786.jpg
An orange train traveling past tall buildings and a crowd of people..,http://images.cocodataset.org/train2017/000000043286.jpg
A group of people standing around a table under a light.,http://images.cocodataset.org/train2017/000000509037.jpg
a little cat house in the yard with a kitty sitting in it.,http://images.cocodataset.org/train2017/000000109498.jpg
The elderly man in a cap is sitting on a wooden bench.,http://images.cocodataset.org/train2017/000000075595.jpg
Horses standing around eating grass beside a river.,http://images.cocodataset.org/train2017/000000266991.jpg
A pretty bird is sitting on a tree branch.,http://images.cocodataset.org/train2017/000000330018.jpg
A little boy sitting on a wooden bench eating half a sandwich.,http://images.cocodataset.org/train2017/000000507065.jpg
A man gets ready to perform a stunt on his skateboard.,http://images.cocodataset.org/train2017/000000575823.jpg
A young man is doing a trick over some stairs.,http://images.cocodataset.org/train2017/000000016318.jpg
A knife with an apple engaged in it next to an apple computer,http://images.cocodataset.org/train2017/000000579201.jpg
A freezer with several boxes of a dish in it.,http://images.cocodataset.org/train2017/000000271986.jpg
A baseball player is being tagged out during a game.,http://images.cocodataset.org/train2017/000000078381.jpg
A plane on the tarmac with airport personnel.,http://images.cocodataset.org/train2017/000000440124.jpg
A display in a store filled with lots of ripe bananas.,http://images.cocodataset.org/train2017/000000497006.jpg
A man checking his phone while a woman takes a photo of the water.,http://images.cocodataset.org/train2017/000000080895.jpg
A TV sitting on top of a wooden TV stand.,http://images.cocodataset.org/train2017/000000496525.jpg
People waiting on the platform of a train station.,http://images.cocodataset.org/train2017/000000517417.jpg
A man throwing a Frisbee while the dog watches.,http://images.cocodataset.org/train2017/000000171880.jpg
A woman playing a game with some remote controllers.,http://images.cocodataset.org/train2017/000000472364.jpg
A fire hydrant is painted in a patriotic theme.,http://images.cocodataset.org/train2017/000000264940.jpg
two children on a field of grass playing frisbee,http://images.cocodataset.org/train2017/000000124873.jpg
A large bird standing on top of a wooden post.,http://images.cocodataset.org/train2017/000000250680.jpg
A beautiful old steam locomotive in the railhouse,http://images.cocodataset.org/train2017/000000391158.jpg
A large cat rests beside a window sill.,http://images.cocodataset.org/train2017/000000086168.jpg
a couple of people skiing down a hill,http://images.cocodataset.org/train2017/000000478212.jpg
Three zebras in a green field grazing next to a tree.,http://images.cocodataset.org/train2017/000000191050.jpg
A bowl of soup with broccoli next to a fork.,http://images.cocodataset.org/train2017/000000484280.jpg
a crowd of people getting on a  tour bus,http://images.cocodataset.org/train2017/000000110330.jpg
A man standing next to a train going through grand central station,http://images.cocodataset.org/train2017/000000220872.jpg
ON THE DESK THERE IS A DESK TOP COMPUTER WITH A MOUSE,http://images.cocodataset.org/train2017/000000259336.jpg
A black bear walking through a path in the woods.,http://images.cocodataset.org/train2017/000000249623.jpg
Blue and orange large birds on tree with metal pot.,http://images.cocodataset.org/train2017/000000129942.jpg
a child is brushing her hair in the mirror,http://images.cocodataset.org/train2017/000000018412.jpg
Giraffe walking through a field next to a forest.,http://images.cocodataset.org/train2017/000000483656.jpg
A woman hosing down a passenger railway car.,http://images.cocodataset.org/train2017/000000381991.jpg
Red and blue train sits along the tracks,http://images.cocodataset.org/train2017/000000183666.jpg
"2019 Chevrolet Trax Vehicle Photo in Hamden, CT 06517",https://inventory-cf.assets-cdk.com/RTT/Chevrolet/2019/4080233/default/ext_G35_deg01.jpg
Plaid Winter Cashmere Scarf with Tassels,https://cdn.shopify.com/s/files/1/0104/6763/9359/products/product-image-1101852341_150x150.jpg?v=1574213740
Industrial kitchen designs applied with fashionable decor for Industrial style kitchen designs,https://roohome.com/wp-content/uploads/2017/02/Snaidero.jpg
the-death-of-stalin,https://mlpnk72yciwc.i.optimole.com/cqhiHLc.WqA8~2eefa/w:600/h:808/q:75/https://bleedingcool.com/wp-content/uploads/2017/04/The-Death-of-Stalin.jpg
cheap Dog Clothes-Dogs Boots / Shoes Sports & Outdoors Ultra Slim Galaxy Mesh Fashion Black Red Blue For Pets,https://li3.rightinthebox.com/images/128x128/201804/hjpoin1524711421243.jpg
"Castles of Mad King Ludwig Board Game , New, Free Shipping",http://thumbs.ebaystatic.com/images/g/ue0AAOSwNSxVJUuI/s-l225.jpg
Happy Republic Day    Republic day special    Heart Touching Status    Special26,https://i.ytimg.com/vi/ugFLvGQfWFY/mqdefault.jpg
Lilac - 5/1/2015 - for volunteer,https://photos.smugmug.com/AustinPetsAlive/AdoptedDogs/APA-Adopted-Dogs-2015/i-t5ftVXd/0/e1a5a307/Ti/LILAC-Ti.jpg
Diy. Collar de flores super de moda,https://i.pinimg.com/236x/81/67/36/816736c80601bdf4cfcc918d69832c1e.jpg
Logo Haption GmbH,https://files.messe.de/referentenbilder/hm_6200_173x173_firmenlogo.jpg
Sparkly Pink Glitter Makeup Artist Beauty Blogger Business Card Front,https://cache.businesscards100.com/static/l/business_card_sparkly_pink_glitter_makeup_artist_beauty_blogger_business_card-r2042d5606c354ee5b8291540e1d1f91a_i579t_8byvr_650.jpg
bright flowers July batch 2_0006,https://nothingniceranywhere.files.wordpress.com/2014/10/bright-flowers-july-batch-2_0006.jpeg?w=736&
Very Best of Peter Paul & Mary,https://images-fe.ssl-images-amazon.com/images/I/519a3-LM2tL._SY300_QL70_.jpg
Animal Pattern Long Pajama Set,http://img.ltwebstatic.com/images/pi/201712/2a/15133244107037756765_thumbnail_405x552.jpg
Vector Applejack by KyssS by KyssS90,"https://images-wixmp-ed30a86b8c4ca887773594c2.wixmp.com/intermediary/f/ea83b847-ab3d-4ee8-88fa-85bf0a127174/d5u1t94-ec032629-a579-4331-9e40-6580d8dbbb97.png/v1/fill/w_985,h_811,strp/vector_applejack_by_kysss_by_kysss90_d5u1t94-pre.png"
2 story farmhouse plans farmhouse plans two story farmhouse plan with wrap around porch 059h 0039 at www,https://tse3.mm.bing.net/th?id=OIP.5ZNAiaogUISuvQNOY_zBPAEsDh&amp;pid=15.1&amp;P=0&amp;w=300&amp;h=300
Measurement 201: Collecting quantitative information Institute for Public Relations Summit on Measurement                 ...,http://image.slidesharecdn.com/institueforpublicrelationssummittonmeasurementclassmeasurement201-101015103608-phpapp01/95/institute-for-public-relations-summit-on-measurement-class-measurement-201-1-728.jpg?cb=1387902163
Beautiful Great Blue Heron standing majestically on a small island in a green water pond near the Chesapeake Bay,https://us.123rf.com/450wm/flownaksala/flownaksala2006/flownaksala200600001/148135469-beautiful-great-blue-heron-standing-majestically-on-a-small-island-in-a-green-water-pond-near-the-ch.jpg?ver=6
Spokane Tribal Air Quality Program: RADON,http://thumbs.slideserve.com/1_2839375.jpg
Free Card Templates | Flash Card Template,https://www.class-templates.com/images/Printable_Flash_Cards_Template_2x1.jpg
Happy Family Cooking Together,https://static2.bigstockphoto.com/thumbs/7/4/6/large2/6478822.jpg
"Cover Thumbnail for Advanced Dungeons & Dragons Comic Book (DC, 1988 series) #12 [Direct]",https://files1.comics.org//img/gcd/covers_by_id/0/w200/132.jpg?-476662981151798100
Why Are There Price Differences Between Dental Clinics?,https://suredental.com.au/wp-content/uploads/2020/01/Why-Are-There-Price-Differences-Between-Dental-Clinics-400x250.png
Tom Ford FT5629-B BLUE BLOCK,https://dt66ikht21gkc.cloudfront.net/img/imgocchiali/86/img_art_FT5629_B_BLUE_BLOCK_001-medium.jpg
Educational Kismet Apple Medley Worksheets Puzzles And So Much More,https://3.bp.blogspot.com/-iCKtvqLJVfg/VfpHjSWgVtI/AAAAAAAABQg/yEhWUbokFA0/s1600/Apple+Medley+Worksheets+and+Puzzles+Bundle.jpg
Extra Oversized Warp Curved Shield Upside Down Half Rim Sunglasses,https://cdn.shopify.com/s/files/1/0159/5816/products/a437-p3171aprv-bksbk-sd_800x.jpg?v=1613611505
Terrific Gray Wood Bench Rustic 3 Feet Mudroom Bench Entry Inzonedesignstudio Interior Chair Design Inzonedesignstudiocom,https://i.pinimg.com/474x/cd/fa/2c/cdfa2c0d5664257e2120685eb50d9a8f.jpg
MILVA QUININE WATER with more Quinine Anti Hair Loss Very Effective 100ml FORTE,https://i.ebayimg.com/00/s/NTAwWDI0NA==/z/luEAAOSwLEtYhhVi/$_58.JPG
Pdf Health Nutrition Focused Physical Exam Pocket Guide,https://images-na.ssl-images-amazon.com/images/I/51bn4sVwQJL.jpg
"Midwest Folding 36""""x72"""" Rectangular Folding Table, Plywood Surface",https://www.thestagedepot.com/v/vspfiles/photos/MFP-636E-2T.jpg?v-cache=1576818685
With the Unity Orchestra - Live from New Orleans - 311 Day 2014 by 311,http://direct.rhapsody.com/imageserver/images/Alb.167896434/170x170.jpg
All The Counties Represented On New Artwork Outside The,https://i.pinimg.com/originals/61/c2/9c/61c29cc9c7f6a47f83cc662861bdc9de.jpg
"Nike Sportswear, D Fr Schuh WMNS AIR MAX THEA Sneakers Low",https://mirapodo.scene7.com/is/image/mirapodo/ext/7631361-01.jpg
220 West Townhomes,https://cimg2.ibsrv.net/ibimg/www.apartmentratings.com/600x200_85-1/1/1/8/118683107-90866819999.jpg
Beautiful happy lady drinking glass of red wine.,https://img.huffingtonpost.com/asset/5b9acbd626000033007eea5e.jpeg?ops=scalefit_720_noupscale
Great 3-D art lessons for middle school/high school.,https://i.pinimg.com/236x/7d/73/ee/7d73ee33877abcd40ebfda763d22195b.jpg
Gold silhouette of San Francisco on black backgrou vector image,https://cdn5.vectorstock.com/i/1000x1000/69/59/gold-silhouette-of-san-francisco-on-black-backgrou-vector-9946959.jpg
Seychelles 0 vs 3 Nigeria AFCON Qualifiers - Highlight 08 - 09 - 2018,https://img.youtube.com/vi/HmpsVF3UMgE/0.jpg
Green letter vector image vector image,https://cdn.vectorstock.com/i/thumbs/52/68/1215268.jpg
"Clip Art Picutres, Clipart, Clip Art, Silhouette Fairies you can find these at etsy.com by cocoamint",https://i.pinimg.com/236x/32/5d/94/325d943480402d3ab9a9e01b04028267.jpg
Deko 190 GT washer disinfector,https://www.rhima.sg/wp-content/uploads/2020/12/rhima-medical-washing-deko-190GT-300x300.jpg
cover image of Papi,https://img1.od-cdn.com/ImageType-400/0874-1/165/379/B1/%7B165379B1-F001-4DA2-9E49-3232BE1985E2%7DImg400.jpg
Rustic Table Number Country Mason Jar Wedding Ceramic Ornament,https://rlv.zcache.com/rustic_table_number_country_mason_jar_wedding_ceramic_ornament-r2bcbb2e1bfec4ba095c136ae32358432_x7s2y_8byvr_324.jpg
Adventures of Superman (2013-2014) Vol. 3,https://images-na.ssl-images-amazon.com/images/S/cmx-images-prod/Item/207666/DIG054950_2._SX1280_QL80_TTD_.jpg
cover image of The Inventor and the Tycoon,http://jessemullins.com/wp-content/uploads/2013/01/InventorAndTheTycoonCoverPic.jpg
"aereal: Lisbon city, Portugal. Aereal view on sunny day from San Jorge Castle",https://us.123rf.com/450wm/irantzuarbaizagoitia/irantzuarbaizagoitia1404/irantzuarbaizagoitia140400030/27836280-lisbon-city-portugal-aereal-view-on-sunny-day-from-san-jorge-castle.jpg?ver=6
Lovable Pink Rabbit Fashion Dog Clothes pictures & photos,http://image.made-in-china.com/43f34j00DyItnoMKMHkN/Lovable-Pink-Rabbit-Fashion-Dog-Clothes.jpg
The North Face Toddler Mittens product image,https://dks.scene7.com/is/image/GolfGalaxy/19TNOTTDDLRMTTXXXAOA_Brtolvgnwxdcmpt?qlt=70&wid=600&fmt=pjpeg
Byron Allen | Reveals story behind Comcast lawsuit and wealth success tips (FULL Pt. 2),https://i.ytimg.com/vi/d6VBYU3Jvl4/maxresdefault.jpg
Solving 1-Step Equations (Guided Notes and Assessments),https://ecdn.teacherspayteachers.com/thumbitem/Solving-1-Step-Equations-Guided-Notes-and-Assessments-1623719-1502895889/original-1623719-1.jpg
Vicks Nyquil Severe Cold   Flu Nighttime Relief Liquid 8 Fl  Oz  Plastic Bottle,https://i5.walmartimages.com/asr/bd85271c-3a4f-4cea-9d23-765151cffe77_1.3c72507a8b42391f9c614bc97c24482c.jpeg?odnHeight=450&odnWidth=450&odnBg=FFFFFF
berries_lead,https://www.telegram.ee/wp-content/uploads/2013/10/berries_lead-305x135.jpg
Octopus poulpe masked underwater in search of food amazing seabed in Maldives.Stock Footage,https://images.pond5.com/octopus-poulpe-masked-underwater-search-footage-081159358_iconm.jpeg
"<b>Saturday, March 1, 1947</b><br />vs. Mansfield Town (Home)",https://www.stfcnewspapers.co.uk/images/Programmes/1946-1947/1947-03-01%20Swindon%20Town%206%20Mansfield%20Town%201.jpg
Funky Junque Womens Friends /& Family Vacation Embroidered Floppy Beach Sun Hat Bundle,https://i0.wp.com/www.familyvacationcritic.com/uploads/sites/19/2020/03/Itopfox-floppy-big-brim-hat.jpg?resize=756%2C504%5Cu0026ssl=1
AVON Island Beauty Hair Comb -  White - Flowers With Beaded  Accent   NEW,https://i.ebayimg.com/thumbs/images/g/1KQAAOSweIVeiD8L/s-l225.jpg
"blue footed booby, one of the most famous Galapagos Islands animals",https://www.thesmoothescape.com/wp-content/uploads/2021/04/blue-footed-booby-puerto-chino-1.jpg
"Hungarian Cuisine, Hungarian Recipes, Hungarian Food, Sweet Pastries, Bread And Pastries, Pastry Recipes, Cooking Recipes, Salty Snacks, Food And Drink",https://i.pinimg.com/236x/a9/4d/3b/a94d3b5123c6b47d95b7b8e5320fbe0d.jpg
Valentino Garavani \N Green Cotton jacket for Women 44 IT,https://image.dhstatics.com/09c8438b59aa9946a020767bf43d0fee
Her Holiness blessing the Sewadal,https://live.staticflickr.com/65535/48858428481_d7a5877730.jpg
Converse Brown and White Kids Chuck Taylor All Star - Hi,https://www.alexandalexa.com/images/329910/medium.jpg
Arduino Automatic Plant Watering System,https://content.instructables.com/ORIG/FSC/T8S8/JCAUGKM7/FSCT8S8JCAUGKM7.jpg?auto=webp&crop=1.2%3A1&frame=1&width=306
Vocabulary Definitions & Examples,http://slideplayer.com/slide/261567/1/images/3/Vocabulary+Definitions+&+Examples.jpg
Crabtree and Evelyn Indian Sandalwood,http://spsmcdn.ru/t160/CE_RMKDX.jpg
Brittany Wooden Leg Bar Stool Natural,https://cdn.shopify.com/s/files/1/0909/5972/products/STFL75NA_383e2301-4fdc-45c9-a64a-a9c251c41343_grande.jpg?v=1537708227
beach wedding: Romantic Dinner for Two at the Beach,https://us.123rf.com/450wm/imageegami/imageegami1112/imageegami111200070/11677198-romantic-dinner-for-two-at-the-beach.jpg?ver=6
Captain America: The First Avenger (Plus Bonus Content),https://m.media-amazon.com/images/I/91R3VjwfdfL._AC_UL320_ML3_.jpg
Boiling Thunderstorm Clouds And The Little House On The Prairie Tote Bag by James BO  Insogna,http://render.fineartamerica.com/images/rendered/medium/tote-bag/images-medium-5/boiling-thunderstorm-clouds-and-the-little-house-on-the-prairie-james-bo-insogna.jpg
2018 Ford F-150,https://img2.sm360.ca/ir/w220h165c/images/inventory/vickar-auto-group/ford/f150/2018/5528464/5528464_04192_ONE80_c2c8ef5e-9bc7-4518-bc75-4a00560c2a25.jpg
Jane and the Stillroom Maid: Being the Fifth Jane Austen Mystery | [Stephanie Barron],http://ecx.images-amazon.com/images/I/5140bPqhYFL._SL300_.jpg
Changing Structure of Employment as Economic Development Evolves,http://slideplayer.com/slide/4122009/13/images/7/Changing+Structure+of+Employment+as+Economic+Development+Evolves.jpg
Interested Persons in Land acquisition  SC Case Aug 2009,https://imgv2-1-f.scribdassets.com/img/document/63644918/149x198/83d6586787/1409986184?v=1
"Monogram Doormat, Black",https://okl3.scene7.com/is/image/OKL/Product_LSI10070_Image_1?$kibo_directory_thumbnail$
Bauer Supreme One70 Goalie Sticks BLUE Sr FULL RIGHT,https://img.inlinewarehouse.com/new_thumb/B7GSL-thumb.jpg
Digital Wedding Photography Photo Workshop,https://imgv2-2-f.scribdassets.com/img/book/59476519/original/fit_to_size/192x256/a51656eef3/1501806660?v=1
get a headboard get a leather headboard to enhance your bed jitco furniture,http://tse3.mm.bing.net/th?id=OIP.Ajz11JJGzbs2XZBs7PjJFgHaHa
black spiderman hd marvel,https://www.hdwallpapersfreedownload.com/uploads/large/super-heroes/black-spiderman-hd-marvel.jpg
Dictionary of the Teenage Revolution and Its Aftermath,http://books.google.com/books/content?id=4JiuCwAAQBAJ&printsec=frontcover&img=1&zoom=1&edge=curl&source=gbs_api
"Herd of cows on alpine pasture among mountains in Alps, northern Italy. Stock Photo",https://c8.alamy.com/comp/C84HAM/herd-of-cows-on-alpine-pasture-among-mountains-in-alps-northern-italy-C84HAM.jpg
"Thaco Truong Hai Chu Lai, the most successful business in Quang Nam",http://image.vovworld.vn/200x120/Uploaded/baotram/2017_07_11/kinhte-anh1_JQAT.png
router mortising machine,https://tse4.mm.bing.net/th?id=OIP.-o1c02jIxO4TAHzS61wp3gHaKH&pid=15.1
"Постер, плакат: Ice hockey players",http://static6.depositphotos.com/1000563/580/i/110/depositphotos_5804744-Ice-hockey-players.jpg
ACDelco® - Professional™ Front Power Window Motor,https://ic.carid.com/acdelco/items/11m32_6.jpg
Alpine Falls in Loyalsock State Forest,https://uncoveringpa.com/wp-content/uploads/2019/08/Alpine-Falls-Loyalsock-State-Forest-4008-600x400.jpg
"Terrorist attack in Barcelona, Amit Shah sounds poll bugle: Top...",https://images.hindustantimes.com/rf/image_size_300x200/HT/p2/2017/08/18/Pictures/spain-attack-barcelona_71c73e5a-83b7-11e7-b63c-9d281adafd5e.jpg
Yoga session on Great Wall,https://farm4.staticflickr.com/3053/2569604687_eddd70f7c5_z.jpg
Measure Up With Perimeter and Area,https://ecdn.teacherspayteachers.com/thumbitem/Measure-Up-With-Perimeter-and-Area-2755036/original-2755036-1.jpg
"rialto beach, forks, engagement session, wedding photographer, adventure session, beach session","https://static.wixstatic.com/media/41e65e_152aa29d174040c0b418c75f9e86a0e4~mv2_d_2048_1367_s_2.jpg/v1/fill/w_1000,h_667,al_c,q_90,usm_0.66_1.00_0.01/41e65e_152aa29d174040c0b418c75f9e86a0e4~mv2_d_2048_1367_s_2.jpg"
Positions Of Fort Henry Fort Donelson Civil War Trust - Fort donelson on us map,https://www.battlefields.org/sites/default/files/styles/wysiwyg_original/public/thumbnails/image/henry-to-donelson-map-925.jpg?itok=FidlHQ4J
Make up brush with purple dust on a black background,https://us.123rf.com/450wm/christopherhall/christopherhall1705/christopherhall170500238/78358530-make-up-pinsel-mit-lila-staub-auf-einem-schwarzen-hintergrund.jpg?ver=6
Tours in Valencia Play &Xperience,https://media-cdn.tripadvisor.com/media/photo-f/1b/7b/65/5e/biketour-valencia.jpg
Biological Processing of Solid Waste Cover Image,https://images.booksense.com/images/books/758/093/FC9781032093758.JPG
American Furniture 2700 Stationary Living Room Group,https://images.furnituredealer.net/img/collections%2Famerican_furniture%2F2700%20by%20american%20furniture_2700-lss-m1.jpg
Apartment 2 bedrooms 1 bath 92 sqm super lux For Sale First Settlement Cairo - 3,https://www.semsarmasr.com/media/238/realestate_%D8%B4%D9%82%D8%A9-%D9%81%D8%A7%D8%AE%D8%B1%D8%A9-%D8%A8%D9%83%D9%85%D8%A8%D9%88%D9%86%D8%AF-%D8%AE%D8%A7%D8%B5-%D8%A8%D8%A7%D9%84%D8%AA%D8%AC%D9%85%D8%B922019072629471_th.jpg
Guangzhou Supply 54*1w LED Par Star Light Effects,http://sc02.alicdn.com/kf/HTB1vmiRJFXXXXchXVXXq6xXFXXXI/Guangzhou-Supply-54-1w-LED-Par-Star.jpg
Al-Hijra Display Banner,https://images.twinkl.co.uk/tw1n/image/private/t_345/image_repo/41/c2/t2-t-479-al-hijra-display-banner_ver_3.jpg
Sleeping Beauties: El cómic,https://stephenking.com.ar/wp-content/uploads/2019/07/Sleeping-Beauties-comic-185x185.jpg
"Mount Washington from the Saco River, North Conway by Benjamin Champney",http://i2.wp.com/whitemountainart.com/wp-content/uploads/2015/02/bccv06.jpg?fit=960%2C960
Lot 74 - Emelie's Eiffel Tower Cushion 45 X 45 X 15cm,https://cdn.globalauctionplatform.com/950860ee-3bc8-4374-abef-a7b400d78db1/89dea60f-148b-4d18-d0ce-89456a81f8ac/original.jpg
Graffity Skull - Tank Top,http://sw001.hstatic.net/5/04ee4991073f31/trang-graffityskull_large.jpg
"O Allah, place Light in my heart",https://i.pinimg.com/236x/8a/d8/75/8ad875fe0d5e22b239d2929a294da699.jpg
Wrendale Designs 'Hare-Brained' Hare Glasses Case - Hothouse,https://cdn.shopify.com/s/files/1/0471/1822/1467/products/wrendale-glc02-hair-brained-glasses-case_1024x1024.jpg?v=1604160561
Tiled background with oriental ornaments Royalty Free Stock Image,https://thumbs.dreamstime.com/t/tiled-background-oriental-ornaments-8119946.jpg
Gray Whale Cove State Beach 2 Men's T-Shirt  (Regular Fit) by Catherine Lau,https://render.fineartamerica.com/images/rendered/medium/t-shirt/20/5/images/artworkimages/medium/1/gray-whale-cove-state-beach-2-catherine-lau.jpg?&targetx=43&targety=0&imagewidth=344&imageheight=229&modelwidth=430&modelheight=575
Princess Victoria and Prince Daniel beamed with pride during the joyous ceremony,https://i.pinimg.com/736x/0e/53/2d/0e532d5b5e75e601c11ffcbc4760d6a6.jpg
Vinnie Moore - Defying Gravity - 2001 (Full Album),http://i.ytimg.com/vi/UseN_8g6fiA/mqdefault.jpg
Hublot Hublot Classic Fusion Classico Ultra Thin 42mm Mens Watch 545.NX.0170.NX,https://cdn.shopify.com/s/files/1/1970/4727/products/163965602609-0_250x250@2x.jpg?v=1575168563
Soccer Hooded Blanket - Navy/White/Red,https://cdn.shopify.com/s/files/1/2722/5650/products/1345982332972-1_240x240.jpg?v=1539370242
Gomadic Intelligent Compact Car / Auto DC Charger suitable for the Archos PMA 400 - 2A / 10W power at half the size. Uses Gomadic TipExchange Technology,http://site.gomadic.com/imgs-prod/rcc/archos-pma-400-rapid-car-auto-charger.jpg
Barry Brook (right) talking with Frank Fenner at the Australian Academy of Science.,https://coreybradshaw.files.wordpress.com/2009/04/bbrook.jpg?w=300&
Paul Haslinger – Wildling (Original Motion Picture Soundtrack) (2018),https://intmusic.net/wp-content/uploads/5acf89709e99b.jpg
Black Nickel 10A 4 Gang 2 Way Ingot Switch - Black,https://cdn.shopify.com/s/files/1/1304/7303/products/VPBN414BK_pd_219752e9-266a-4e65-b602-78fe05ef4f0e_large.jpg?v=1571302027
"A panoramic view of daffodils in springtime at the church of St John the Baptist in the village of Harescombe, Gloucestershire - Stock Image - C1YGTM",https://n2.alamy.com/thumbs/4/%7b8dc93146-c293-45c3-9e7e-01175617159d%7d/c1ygtm.jpg
None - Win An International Sportsmen's Expo Prize Package!,https://cdn2.aptivada.com/files/app_graphics/990854871_contest_582908_mobile_1552062702.jpg
can you use prednisone for bodybuilding,https://i.pinimg.com/236x/ff/26/ac/ff26ac24a891cf1b82a88665c5296418.jpg
Whole and Halved Tomato Fruit Vector Icon. Vector Illustration of whole and half tomato isolated. Shadows on separate layer. - stock vector,https://thumb9.shutterstock.com/image-photo/stock-vector-whole-and-halved-tomato-fruit-vector-icon-vector-illustration-of-whole-and-half-tomato-isolated-450w-257134192.jpg
Fits Dodge Stealth 1991-1993 Velour Dash Board Cover Mat Maroon,https://cdn11.bigcommerce.com/s-it06q6bg4r/images/stencil/500x659/products/42127/192892/DD_VELOUR_MAROON-SM__76574.1604446258.jpg?c=1
Thermostatic Mixing Valve: Zurn-Wilkins 3/8 In. Lead-Free Aqua-Gard Thermostatic,https://images.homedepot-static.com/productImages/eed9c20b-c837-4300-8bc1-79dbf9ce7d61/svn/zurn-wilkins-mixing-valves-38-zw3870xlt-4p-64_1000.jpg
germany berlin checkpoint charlie fish eye,https://mh-1-bildagentur.panthermedia.net/media/previews/0021000000/21165000/21165429_preview.jpg
Letter w handwritten by dry brush rough strokes vector,https://cdn3.vectorstock.com/i/thumb-large/67/52/letter-w-handwritten-by-dry-brush-rough-strokes-vector-20036752.jpg
Bad Books - I Begged You Everything [ Lyrics ],https://i.ytimg.com/vi/aP9CwqBqzT0/hqdefault.jpg
"AUTOGRAPHED SCOTTY """"""""BULLDOG"""""""" OLSON BOXING POSTER.",https://dygtyjqp7pi0m.cloudfront.net/i/39392/33934150_1m.jpg?v=8D70DF868315AD0
Demi Moore Spotted Fondling New Boy Toy Sean Friday in Mexico!,http://www.celebdirtylaundry.com/wp-content/uploads/demi_moore_sean_friday_dating.jpg?08fcf0
Irregular hand cut glass mosaic (Up to 75% recycled content) by selected by Materials Council,https://image.architonic.com/img_pfm2-2/206/1249/trend-libertywhite-front2-copy.jpg
Retro Classic Full Metal Tear Drop Clear Lens Aviator Glasses C936,https://cdn.shopify.com/s/files/1/0193/6253/products/C935-05a_400x.jpg?v=1574372065
Well M1911 A1 Vollmetall Springer 6mm BB Two-Tone,https://www.kotte-zeller.de/$WS/kotte-zeller-shop/websale8_shop-kotte-zeller-shop/produkte/medien/bilder/mini/46119.jpg
"Nikki, pictured in hospital, hopes to have a new implant within six months",https://www.thesun.co.uk/wp-content/uploads/2016/10/nintchdbpict0002745996991.jpg?w=960&strip=all
Central Oregon Photograph - The Deschutes River At Dusk by Twenty Two North Photography,https://render.fineartamerica.com/images/rendered/medium/print/images/artworkimages/medium/1/the-deschutes-river-at-dusk-twenty-two-north-photography.jpg
"Photo of 26 West Shore Park Road, Kingston, NH 03848 (MLS # 4752957)",https://images.marketleader.com/HouseImages/NNERMLS/957/4752957.jpg
People's Liberation Jeans,https://dtpmhvbsmffsz.cloudfront.net/posts/2017/10/14/59e23a2f4e95a31352019861/s_59e23a49291a35c3ca01986d.jpg
Japanese Bedroom Design For Small Space,https://images.squarespace-cdn.com/content/52530ce8e4b07bc8db167f3e/1393164332472-BHT10UCX40YWTSVC08ZY/FloorStorage02.jpg?content-type=image%2Fjpeg
Universal Orlando 2012 The Ultimate Guide to the Ultimate Theme Park Adventure,https://nationalbookswap.com/pbs/m/42/0942/9781887140942.jpg
German shepherd dog - Stock Image,https://c8.alamy.com/zooms/6/a00671f931264da48563b9189ac96fe8/e3yft5.jpg
Confirmation of the BMW M850i has Come with the Promise of 523 Horsepower,https://pictures.topspeed.com/IMG/crop/201804/confirmation-of-the--15_800x0w.jpg
Peruvian hairless and chihuahua mix dog with hairless mouse,https://us.123rf.com/450wm/farinosa/farinosa2007/farinosa200700337/152343728-peruvian-hairless-and-chihuahua-mix-dog-with-hairless-mouse.jpg?ver=6
MSF Medical Team crossing the Kyan Abad rope bridge to deploy a mobile clinic in Paran Parvis village on the ride side of Kashkan River in Iran,https://www.msf.org.za/sites/default/files/styles/card_country/public/images/Flash_Floods_In_Iran_MSF273078_Medium.jpg?itok=c7qiRcNR
Connector Locking Clip for Universal Wired Low Voltage Retail Shelf Lighting System,https://cdn.shopify.com/s/files/1/0409/7929/products/AL-RS-U-LC-2_large.jpg?v=1507932132
Hot sale colorful laptop notebool cooling pad,http://i00.i.aliimg.com/photo/v0/60122825544_1/Hot_sale_colorful_laptop_notebool_cooling_pad.jpg_220x220.jpg
India begins next phase of COVID vaccination from Monday:,https://resize2.indiatvnews.com/en/centered/newbucket/250_151/2021/02/capture-1614523018.jpg
"People with Different Expressions Set, Male and Female Character Facial Emotions Vector Illustration on White Background.",https://us.123rf.com/450wm/topvectors/topvectors1910/topvectors191002333/132818757-people-with-different-expressions-set-male-and-female-character-facial-emotions-vector-illustration-.jpg?ver=6
"Gorgeous mink shawl for special occasions and event, available at stores and via What's App Shine bright with #ADAMOFUR",https://i.pinimg.com/736x/c9/1f/04/c91f0413135732e46aac3c49284809a6--mink-special-occasion.jpg
Fans cheer teams Saturday in Anchorage during the race's ceremonial start.,http://i2.cdn.turner.com/cnnnext/dam/assets/120306041411-iditarod-ceremonial-start-horizontal-large-gallery.jpg
Changzhou Fanqun ZLG Vibration Fluid Bed Dryer,https://img2.mfrbee.com/uimg/13/82/4573_93252_0_Changzhou_Fanqun_ZLG_Vibration_Fluid_Bed_Dryer.jpg
NewinZurich – Your Guide To Living in Zurich,https://newinzurich.com/wp-content/uploads/2017/10/logoniz-3-compressed.jpg
WHY SOME PEOPLE CAN LAND KICKFLIPS AND SOME PEOPLE CAN'T,https://i.ytimg.com/vi/K2ykqE2SEFw/hqdefault.jpg
Evergrey - When The Walls Go Down(Chicago 2011)HD,https://img.youtube.com/vi/VrPaze2IbGE/mqdefault.jpg
10 Great Bento Lunch Box Supplies,https://i.pinimg.com/236x/e7/32/79/e732796d69006f4634edf412effa9001.jpg
"Sally Mineer, Lewis County Extension Agent for Family and Consumer Sciences, was awarded the KAFCS Leader Award.",http://hes.ca.uky.edu/files/styles/panopoly_image_original/public/award_sm.jpg?itok=M1b3EQhh
Magical Unicorn with Rainbow Necklace,http://rlv.zcache.co.uk/magical_unicorn_with_rainbow_necklace-r48b3f437fcd54dd089cc4ab0b299e6ac_fkoez_8byvr_152.jpg
Helmevekt 750 ml,https://m.filibe.com/wp-content/uploads/2018/09/Helmevekt-750-ml.jpg
"Over 12,000 lbs. of E-Waste kept from landfills on Earth Day 2021!",https://cdn.firespring.com/images/16d90f50-5bb1-4d31-8b3d-605bc9352f65.jpg
village house coloring pages house in the village coloring page free ukraine coloring,http://tse1.mm.bing.net/th?id=OIP.691VHgsiQ7JPiJ_sP5TKvAHaFj
"Pile of knitted winter clothes on wooden background, sweaters, knitwear",https://images.creativemarket.com/0.1.0/ps/3391825/300/200/m1/fpc/wm0/j6niavbfl10objq2vscyslmovgd4onoxe5j852fjpfbmr5e8uldeccjursfx6ied-.jpg?1507665191&s=d1735da8a2d10428c426355505846b37
President Lincoln and his Cabinet,https://ids.si.edu/ids/deliveryService?id=NPG-NPG_87_251&max=400
"Gary Hart Photography: Bright Angel Lightning, Grand Canyon",https://eloquentnature.files.wordpress.com/2015/06/176a6026brightangellightning_blog.jpg?w=209&h=314
Musical Fidelity The Roundtable Turntable ( White ) Ortofon 2M Red,https://www.camarossaudio.com/23327-home_default/musical-fidelity-roundtable-white-ortofon-2m-red.jpg
Snowflake And Sun Icon In Flat Style. Climate Control Vector Illustration On White Isolated Backgrou,https://static1.bigstockphoto.com/9/3/3/large2/339572626.jpg
Welcome to Utah sign,https://www.marketapts.com/apartment-living/wp-content/uploads/2019/09/welcome-to-utah-free-to-use.jpeg
elbow - little fictions - Vinyl / LP,https://content.gucca.dk/covers/180/e/l/elbow-little-fiction-lp_390934.jpg
Mingfa Tech Indoor led cooling module design for landscape,https://img4885.weyesimg.com/uploads/335bqfkt.allweyes.com/images/0afc8aa916153bab690fef18a5c9ca30.jpg?imageView2/2/w/800/q/75
Y2K & The Mega Party Set And Various Artists,https://m.media-amazon.com/images/I/61TxLd5jjFL._UXNaN_FMjpg_QL85_.jpg
Toddler Girl Shoes Baby Shoes Infant Shoes Soft Sole Shoes Spring Shoes Summer Shoes Denim Shoes Floral Shoes White Shoes Navy Blue-Fleur,https://i0.wp.com/img0.etsystatic.com/022/0/5857531/il_170x135.566128930_3oqh.jpg?w=140&
Phone Booth Poster,https://i.pinimg.com/236x/a3/6c/ac/a36cac096390a2d3b335710de17fda2b.jpg
Metal Wall Art 'Small Pleasures' Megan Duncanson,https://ak1.ostkcdn.com/images/products/10909503/P17941294.jpg?imwidth=320&amp;impolicy=medium
kitchen cabinets handsome country style kitchen decor country,http://t0.gstatic.com/images?q=tbn:ANd9GcQ6hvxZ98HUXDaaMAYWMJ5E099cW43Fcra2SsTKTaUswfS926ft
dare to make house floor plan by yourself ayanahouse,http://2.bp.blogspot.com/-bqqkDD64EO4/Uja7Uqe9tbI/AAAAAAAAF4k/FhQHeTFnhj0/s1600/house-floor-plan%2Bdesign.jpg
What are essential oils?,https://ultimatechristianpodcastnetwork.com/wp-content/uploads/2018/01/What-are-you-essential-oils_-2.png
78 most terrific supple duvet sets with matching let curtains covers curtain duvets cover definition define snazzy aequorea plus thresh expensive quilts,https://encrypted-tbn0.gstatic.com/images?q=tbn:ANd9GcQNlJwyiGVQkd_kmwHWdcUUM2scAnDZ204UGNOTRE9ffkqrF-JW&amp;w=65&amp;h=65
Fisher-Price Linkimals A to Z Otter,https://www.toysrus.com.my/dw/image/v2/BDGJ_PRD/on/demandware.static/-/Sites-master-catalog-toysrus/default/dw7f2d292b/4/3/d/a/43da68c3106e4da0bff5161bc46ae19791179381_126853_i4.jpg?sw=500&sh=500
building construction engineer or architect vector image,https://cdn2.vectorstock.com/i/thumbs/56/91/building-construction-engineer-or-architect-vector-33675691.jpg
kitchen ideas with islands simply home designs home design ideas 3,http://tse1.mm.bing.net/th?id=OIP.yjUPGAXHqFAqRcKiJ8JxLQEsDI
Iron Man Movie Poster,https://blog.spoongraphics.co.uk/wp-content/uploads/2008/01/iron_man_ver2.jpg
the_obsession_by_nora_roberts,https://bookscoffeeandpassion.files.wordpress.com/2016/04/the_obsession_by_nora_roberts.jpg?w=736
1.56 1.61 1.67 1.74 Free-from Multifocal Progressive Prescription Optical Eyeglasses Spectacles Lenses 1 Pair Lenses,https://ae01.alicdn.com/kf/Hdb00f297b7c64bc6ab608f7bd4811623E/1-56-1-61-1-67-1-74-free-from-multifocal-Progressive-Prescription-Optical-Eyeglasses-Spectacles.jpg
Some of our mountains are covered by a carpet made with coffee crops.,https://i.pinimg.com/236x/49/cf/77/49cf77ff8dcb9259bc51cd75e42d0e17.jpg
The Ant Bully,https://vignette3.wikia.nocookie.net/to-hollywood-and-beyond/images/2/27/The_Ant_Bully.jpg/revision/latest/scale-to-width-down/250?cb=20140817220834
EVERMORE Evermore Nightfall scented candle set of three,https://images.selfridges.com/is/image/selfridges/614-10174-1396867_ALT10?defaultImage=614-10174-1396867_M&$PLP_ALL$
Restaurant Kitchen Jargon kitchen terminology part one: service pans - youtube,https://i.ytimg.com/vi/4gJfZ_4Yahg/maxresdefault.jpg
Set of vintage frames vector,https://cdn1.vectorstock.com/i/thumb-large/11/90/set-of-vintage-frames-vector-4371190.jpg
Golden Oak Wealth Management Logo - Entry #69,https://d2x91cbkpb2oh5.cloudfront.net/70a55d89cd55accb6c38ab7b95829b80_scale190x150.png
What a Character!: Character Study as a Guide to Literary Meaning Making in Grades K-8: No. 563-846,"https://images-na.ssl-images-amazon.com/images/I/51D2dgQBedL._SY344_BO1,204,203,200_.jpg"
Villa Extension Merges Old and New | sustainable architecture | Scoop.it,http://img.scoop.it/BvEvFWW40K3vxXhHToOU2zl72eJkfbmt4t8yenImKBVvK0kTmF0xjctABnaLJIm9
giantree Gas Mask Half Face Painting Filter Breathing Respirators Protective Mask Anti Dust Mask with 2 Filter Box Spray protective war game military tactical face shield mask with built in 2 mode fan 2 x aaa,https://ae01.alicdn.com/kf/HTB1wfrqg_lYBeNjSszcq6zwhFXar/giantree-Gas-Mask-Half-Face-Painting-Filter-Breathing-Respirators-Protective-Mask-Anti-Dust-Mask-with-2.jpg
New York Governor Andrew Cuomo addresses journalists over pipe bomb mailings to political figures.,https://cdn.theatlantic.com/thumbor/dRIVnJraoJBdGCsUMVP6oSSxz10=/986x0:4931x3945/80x80/media/img/mt/2018/10/RTX6GDB6/original.jpg
Tv Lcd Advance 19 Inch Lcd Tv 19pfl3504d F7 Philips,http://tse3.mm.bing.net/th?id=OIP.LZyKkkGBMjrPVXyUYIJ1mQHaFj
Wall Art 3d Necron Eve Titan – Ontabletop – Home Of Beasts Of War,http://i0.wp.com/bowlivestorage.blob.core.windows.net/beastsofwarlivesite/2011/11/EVE_Titan_Colored.jpg?strip=all
Mini Bistro Set Table Chairs Metal Rattan Boyds,https://cdn0.rubylane.com/shops/collectiblesrome/RL-1001.1L.jpg?77
Seavite Super Nutrient Hydrating Face Lotion,https://cdn.shopify.com/s/files/1/0226/6225/products/seavite-Super-Nutrient-Radiance-Face-Serum---50ml_2000x_51e00094-55fb-405f-a31f-c25f5e612337_2048x2048.jpg?v=1592239109
Computing seasonal indices Step 3: Establishing average seasonal index • This is obtained by,https://present5.com/presentation/3d5629f48227f411bfe018c88be961d5/image-15.jpg
North Atlanta Home Sales Team,http://myagent.site/content/uploads/sites/8987/croppedImg_603425533.thumbnail.png
Big Bopper's Wedding,https://s3.amazonaws.com/broadtime_thumbnails/277/418455752277/418455752277%3A500.jpg
The crowd and venue at the Jung Center Spring Benefit April 2015,"http://res.cloudinary.com/culturemap-com/image/upload/ar_4:3,c_fill,g_faces:center,w_320/v1512425490/photos/194147_original.jpg"
Billie Holiday Karaoke - Playlist: The Very Best Of Billie Holiday,https://i5.walmartimages.com/asr/052eafdf-4ce7-4d14-a344-291540432a0b_1.aa2fc61a9bd33ceac7d510d9aab7b131.jpeg?odnHeight=450&odnWidth=450&odnBg=FFFFFF
Autumn Brown asphalt roof tile,http://sc01.alicdn.com/photo/v2/1918568670/Autumn_Brown_asphalt_roof_tile.jpg_200x200.jpg
EDDIE HENDERSON Realization album cover,http://www.jazzmusicarchives.com/images/covers/thumbnails/eddie-henderson-realization-20140216143214_140.jpg
2742-badsanta.jpg,http://spectrumculture.com/files/import/2742-badsanta.jpg
Ct regional town plan cover 2019,https://www.charterstowers.qld.gov.au/charterstowers/images/CT_Regional_Town_Plan_Cover_2019.jpg
Rp r p letter modern logo design with yellow vector,https://cdn3.vectorstock.com/i/thumb-large/63/07/rp-r-p-letter-modern-logo-design-with-yellow-vector-20676307.jpg
Stop the Robots - Very Special Unit!,https://www.spiele-offensive.de/gfx/1027359.jpg
Wanderlust Travel Stories,https://www.pcinvasion.com/wp-content/uploads/2019/07/Wanderlust-Travel-Stories-400x200.jpg
Sales Training Manchester: Fundamentals Of Sales tickets,https://img.evbuc.com/https%3A%2F%2Fcdn.evbuc.com%2Fimages%2F66626673%2F271208586261%2F1%2Foriginal.20190726-103905?h=230&w=460&auto=compress&rect=0%2C70%2C1920%2C960&s=de4e1c7d9d7d8d8c8326e9a49b4d6f37
Helle Frederiksen leads the run in Texas,https://coloradotriathlete.com/wp-content/uploads/2015/04/Helle-Frederiksen-leading-the-run-in-Texas.-300x225.jpg
Condor Perle Knee High Sock with Bow - 2551/2,https://cdn.shopify.com/s/files/1/1826/0285/products/perle-knee-high-socks-with-bow-beige_630x.jpg?v=1596653210
Barbour Blue Cotton Trench Coat for Women,https://img.shopstyle-cdn.com/sim/ba/98/ba9890b07504847f453e320ce74df8fd_xlarge/barbour-blue-cotton-trench-coat-for-women.jpg
Seascape Art Print featuring the painting On The Beach by Bridgette Allan,https://render.fineartamerica.com/images/rendered/default/print/8.000/5.250/break/images/artworkimages/medium/1/on-the-beach-bridgette-allan.jpg
"Gite in Céreste en Luberon - Vacation, holiday rental ad # 10683 Picture #3",https://www.shared-house.com/images/10683-3.jpg
Ximimark 1Pcs Mini PCI-E mSATA to CE ZIF 1.8 inch SSD to 40 pin ZIF CE Cable Adapter Converter Card SSD HDD Adapter Converter,https://m.media-amazon.com/images/I/41VJUSB6cZL._SL500_.jpg
Red and black Pro Muay Thai shin pads super,https://www.bullsportsdirect.com/wp-content/uploads/2019/05/38-3-225x300.jpg
Monroe Green Light Smock Dress,https://cdn.shopify.com/s/files/1/1269/8703/products/6_364c3614-e705-47c9-b10f-83bec9426596_180x.jpg?v=1569083281
28 ft. Contender Boat Center Console Boat Rental Punta Cana Image 2,https://cdn.boatsetter.com/boat_photos/boat_images/000/144/168/rectangle_169_113/OssiBoatPromo-141.jpg?1572619294
Irish Open March 19th,https://d1nwosmzpc2sru.cloudfront.net/c2/67/651243f14dd385ae7c49e9bf3008/irish-open-march-19th.png
"LANES BARN, family friendly, character holiday cottage, with a garden in Glaisdale, Ref 3728 - Glaisdale vacation rentals",https://tap1.fkimg.com/media/vr-splice-l/00/05/79/65.jpg
Chester's fries Flamin'hot - Product,https://static.openfoodfacts.org/images/products/002/840/043/7745/front_en.4.full.jpg
Feather Indian Car Seat Cover,https://cpimg.tistatic.com/02748281/s/4/Feather-Indian-Car-Seat-Cover.jpg
"Lil' Pink Owl Charm by DaraCreek (for Keychains, Rear View Mirrors Bags, Purses, and/or Zippers)",https://img1.etsystatic.com/107/0/8606128/il_340x270.1050092733_riko.jpg
"Chidrens' Chorus Leader, Mr Phillip Rewes with Conservatorium children",https://coastcommunitynews.com.au/wp-content/uploads/2018/06/Opera-Arthouse-180x101.png
sale banners vector image,https://cdn1.vectorstock.com/i/thumbs/17/90/sale-banners-vector-20571790.jpg
Ephes Collection Ivory 1 ft. 10 in. x 6 ft. 10 in. Runner,https://images.homedepot-static.com/productImages/be4f6477-fc73-46ed-918d-21960b7e9e5c/svn/ivory-maxy-home-area-rugs-ep-4052-2x8-64_400_compressed.jpg
Rayovac Maximum PLUS AAA (LR03) 4 st,https://media.vitaminvaruhuset.se/product-images/MS/5582-1.jpg
Why Tyson Fury has no plans to fight in UK after Tom ...,https://tse3.mm.bing.net/th?id=OIP.YTDsoTAhOkLtIfpUMLPy6QHaE7&pid=15.1
"Gathered Velvet Bed Skirt (16""""/18"""" Drop) - Twin",https://images.webfronts.com/cache/frlapdhcgsyd.jpg?imgeng=/w_220/h_220/m_letterbox_ffffff_100
Roman Silvertone Faceted Clear Crystal Beaded Chandelier Earrings,http://ak1.ostkcdn.com/images/products/7388041/P14846497.jpg
Coverafbeelding Itchycoo Park - M People,https://www.top40.nl/media/cache/related/uploads/title/9322/original.jpg
Ayers Natural Bridge,http://contentdm.lib.byu.edu/utils/getthumbnail/collection/RelEd/id/7531
Regal Art & Gift 12295 Rustic Flower Pink Wind Spinner: Garden & Outdoor,https://images-na.ssl-images-amazon.com/images/I/71ZkuIfqe%2BL.SS400.jpg
The Civil Rights Movement - American History - Turning Points,https://ecdn.teacherspayteachers.com/thumbitem/American-History-Turning-Points-The-Civil-Rights-Movement-1093292-1465309718/original-1093292-3.jpg
Disney Weddings! Unique Wedding Venues,https://tse3.mm.bing.net/th?id=OIP.RaXMxT2D2us6Mv40hEs64wHaE8
CHEV ROLET SMALL BLOCK BIBLE HOW TO BUILD GM ENGINE WORKSHOP REPAIR MANUAL BOOK,http://thumbs.ebaystatic.com/images/g/~i0AAOxyfpJSZxWU/s-l225.jpg
Office Ceiling Light Fixtures Home Office Ceiling Lighting Home Office Light Fixtures Idea For The Design Of Your Room,http://tse2.mm.bing.net/th?id=OIP._lz2jlthsVOYkHH2P9fdXwHaHa
global nonfiction books for classroom library,https://www.globetrottinkids.com/wp-content/uploads/2021/06/global-nonfiction-books-for-kids-1024x536.png
application forms example,https://images.sampleforms.com/wp-content/uploads/2017/03/Personal-Loan-Application-Form1.jpg
"Fabulous William IV Antique Circular Tilt Top Centre,Dining,Hall Table",https://www.davidwolfendenantiques.com/admin/uploads/large/1879_1.jpg
Old Man's War Hörbuch,http://ecx.images-amazon.com/images/I/517p2h5PdjL._SL300_.jpg
Icon Byzantine Metal Prints - Byzantine Art: St. Michael Metal Print by Granger,http://images.fineartamerica.com/images-small/byzantine-art-st-michael-granger.jpg
Building a Viking House with Hand Tools: Stone & Clay Pit | Bushcraft Project (PART 3),https://i.ytimg.com/vi/ScJ0on-gkHE/hqdefault.jpg
#MillenialMama of the Month,https://cdn.popmama.com/content-images/mmom/06-2021/popup-banner_1200xauto.jpeg?210618221108
Tennessee Barn Greeting Cards - Rock City Barn Greeting Card by Debra and Dave Vanderlaan,http://render.fineartamerica.com/images/rendered/medium/greeting-card/images-medium-5/rock-city-barn-debra-and-dave-vanderlaan.jpg
WB 12th Class Final Exam 2016 Result-WBCHSE,https://i2.wp.com/www.educaresall.com/wp-content/uploads/2016/05/WB-12th-Class-Final-Exam-2016-Result-WBCHSE_thumb.jpg?resize=170%2C165
"Test: T-REX Replicator Eurorack, analoges Bandecho",https://www.amazona.de/wp-content/uploads/2025/01/t-rex-replicator-module-test-vorschau-345x166.jpg
My Colorful Life Journal,https://cdn.shopify.com/s/files/1/0059/2275/0562/products/my-colorful-life-journal_gjl106_160x160.jpg?v=1615310529
The Willows On The River,https://www.artisoo.com/bmz_cache/5/5a53146da094e4768eb76b39fd93cdbe.image.308x384.jpg
Not an Option Ping Pong Poster,https://rlv.zcache.com.au/not_an_option_ping_pong_poster-r39e6e528672b4b09a6bd3c65150a5017_w2j_8byvr_324.jpg
Pigment Carbon Black similar to Printex 25_35_45_55_85,http://web.tradekorea.com/product/543/1076543/Pigment%20Carbon%20Black%20similar%20to%20Printex%2025_35_45_55_85_1.jpg
Step Through Beach Cruiser,https://cdn.shopify.com/s/files/1/0081/1222/products/KUSSHI_CRUSIER_2015_SEAMLESS_3RD_WEB_6f1294dd-051b-49b9-bee5-5c8bd80bacf7_300x300.jpeg?v=1528147548
The Learning Journey My First Activity Cube,https://b3h2.scene7.com/is/image/BedBathandBeyond/2021-02-17-11-39_160398_product_imageset?$imagePLP$&wid=256&hei=256
Kian and Jc: Don't Try This at Home! by HarperCollins,https://images-na.ssl-images-amazon.com/images/I/513782rOYFL.jpg
"American Girl Doll Clothes Short, Lace Top, Tank Top, Headband, Necklace and Bracelet",https://i.pinimg.com/236x/c5/07/6f/c5076fbd47168688bbc6236bdf9dcb0e--summertime-outfits-contemporary-clothing.jpg
What Steven Moffat Regrets Most About Doctor Who Season 9,https://img.cinemablend.com/filter:centercrop/quill/2/9/1/4/0/4/2914043093cc3d188af3f573f93f3bc8403cff3e.jpg?w=170&h=170
Magical Layered Bow,https://cdn.shopify.com/s/files/1/0770/2409/products/TieDyePink_15__clipped_rev_1_1_grande.jpg?v=1597943521
"VA Boot Camp, Business Planning, & Ways To Grow Your Production",https://www.apmortgage.com/hs-fs/hubfs/VA.png?width=215&amp;name=VA.png
This image has an empty alt attribute; its file name is listar-color-palette-1024x404.png,https://passionui.com/wp-content/uploads/2020/06/listar-color-palette-1024x404.png
Get Motor Vehicle Insurance Quotes Online,https://4.bp.blogspot.com/-gChaZ04UcCM/WzCHYrxY87I/AAAAAAAAAzE/33JRFqfskTw6CDLzD5V0QKKWi66iAKNXQCLcBGAs/w200-h150-p-k-no-nu/motor-insurance.jpg
Gareth Bale will sign for Man United next week on one condition,https://www.retrounited.com/wp-content/uploads/2017/08/Gareth-Bale-635541-e1502363375603.jpg
"Green plowed agricultural field with tractor tracks at sunrise, close-up. Golden light, fog, haze. Picturesque autumn landscape. Rural scene. Abstract natural pattern, texture, background, wallpaper",https://image.shutterstock.com/image-photo/stock-photo-green-plowed-agricultural-field-with-tractor-tracks-at-sunrise-close-up-golden-light-fog-haze-250nw-1842086302.jpg
best auto repair manual 2006 toyota 4runner head up display 1994 toyota 4runner sr5 5 speed manual 4x4 no reserve for sale photos technical,https://tse1.mm.bing.net/th?id=OIP.9QBsCQmFB2P6h3mB8oZ6EwHaE7
Wreckage: The RAAF Iroquois that crashed.,https://static.ffx.io/images/$width_375%2C$height_211/t_crop_fill/q_86%2Cf_auto/0e05cd5c42a447937751ed54c9f603758f8721ae
Hand drawn background of tropical palm leaves. Vector background.,https://us.123rf.com/450wm/aniwhite/aniwhite1505/aniwhite150500020/40169729-%EC%97%B4-%EB%8C%80-%EC%95%BC%EC%9E%90%EC%88%98-%EC%9E%8E%EC%9D%98-%EC%86%90%EC%9C%BC%EB%A1%9C-%EA%B7%B8%EB%A6%B0%E2%80%8B%E2%80%8B-%EB%B0%B0%EA%B2%BD-%EB%B2%A1%ED%84%B0-%EB%B0%B0%EA%B2%BD%EC%9E%85%EB%8B%88%EB%8B%A4-.jpg?ver=6
Ableton Push 2,https://cdn.shopify.com/s/files/1/0009/1969/9503/products/images-1_017a6ddf-d69d-44db-b4b4-8be1e5044463_110x110@2x.jpg?v=1570098960
Cleerline DOM2LCLC02M LC/UPC-LC/UPC-1.6mm Riser-OM2-2m Fiber Cable,https://www.markertek.com/productimage/alternate-1/125x125/clt-dom2lclc02m.jpg
The Moon's Nodes: Understanding the Dynamic Ties That Bind (Paperback),http://ak1.ostkcdn.com/images/products/6665256//bmmg/books/The-Moons-Nodes-Understanding-the-Dynamic-Ties-That-Bind-Paperback-T9780892541584.JPG
58 Bathtub Home Depot by Anzzi Strait 5 58 Ft Acrylic Flatbottom Non Whirlpool,http://tse4.mm.bing.net/th?id=OIP._9WNxyG_k4viJUfOiMPi-gHaHa
Yanmar 3ym30 cylinder head Cootharaba Noosa Area Preview,https://i.ebayimg.com/00/s/NDAwWDMwMA==/z/K5sAAOSwJGlZgaNP/$_103.JPG
Anvelopa all season CONTINENTAL 4X4 CONTACT XL 235/70R17 111H,https://lcdn.altex.ro/resize/media/catalog/product/c/o/16fa6a9aef7ffd6209d5fd9338ffa0b1/continental_4x4-contact_6a310966.jpg
Metal Working Machinery Mini Angle Grinders Retail,http://2.imimg.com/data2/KL/NI/MY-2755590/mini-angle-grinder1-500x500.jpg
sun on yellow background with orange rays Stock Vector - 7234808,https://us.123rf.com/450wm/ssylenko/ssylenko1006/ssylenko100600016/7234808-sun-on-yellow-background-with-orange-rays.jpg
Awards | Shumsky Promotional Products,https://www.shumsky.com/wp-content/uploads/2019/01/Product_Awards-Category-150x150.png
Handmade Gifts For Fathers Day - creative father s day gift ideas diy inspired,http://tse3.mm.bing.net/th?id=OIP.q9OOnyBRYGkbc1y1kmpjTQHaGK
Aegean Gold / Ivory Area Rug Rug Size: 3 x 5,http://img.wfrcdn.com/lf/49/hash/30808/26239569/1/1/1.jpg
"4 Bedrooms Semi Detached House for sale in Gold Furlong, Marston Moretaine, Bedfordshire, MK43",https://s3-eu-west-1.amazonaws.com/img.nethouseprices.com/lp4/5cb99929f14d4.jpg
Brewster Wallcovering Beige Strippable Non-Woven Paper Prepasted Textured Wallpaper,http://mobileimages.lowes.com/product/converted/091212/091212621411.jpg
TRADE MARK REGISTRATION CERTIFICATE,https://sc01.alicdn.com/kf/HTB16148LXXXXXXHXVXXq6xXFXXXr.jpg
1980s Cream Leather A Line Skirt,https://cdn.shopify.com/s/files/1/0512/6435/6546/products/il_fullxfull.2710466680_lfbe_530x@2x.jpg?v=1610140935
Box for iPhone and iPad,https://media-cdn.list.ly/production/37762/290782/mzl-rdfyrbyf_185px.png
Sélection de recettes Weight Watchers - Amandine Cooking,https://i.pinimg.com/236x/11/2e/2b/112e2bbcf3e9aa97bb5e2b33104ef448.jpg
"Hot Chocolate With Marshmallows, Warm Happiness To Soon Follow",https://onetimefashionista.files.wordpress.com/2016/11/img_3073.jpg?w=474&
"Sooper - Mobile, Desktop, Web App Showcase Template            TFx Amery Christopher",http://fxtheme.com/wp-content/uploads/2018/02/Sooper-Mobile-Desktop-PSDTemplates.jpg
18. King Pao Chicken Image,https://ehc-west-0-bucket.s3.us-west-2.amazonaws.com/web/documents/chinagourmetpalmettobay/menu_item_images/item_image_dbee002f-3d14-4005-9567-7cdf33c6fcef.jpg?5f35a4ee41ddc
Gold Oppo A37f,https://www.mobiles4sale.in/photos-2/856/85653/oppo-a37f-1508120489-200.jpg
Xbox One Deal,https://extremechristmassavings.com/wp-content/uploads/2017/11/Screenshot-2017-11-23-13.36.51-300x236.png
9781600781346: Jumble® Celebration: A Puzzle Party (Jumbles®),https://pictures.abebooks.com/isbn/9781600781346-us.jpg
9780471093602: Construction Sealants and Adhesives (Practical Construction Guides),https://pictures.abebooks.com/isbn/9780471093602-us-300.jpg
HIB Cyclone LED Illuminated Illuminated Inline Ceiling Fan - White,https://img.tapwarehouse.com/products/hib-33800.jpg?height=356&width=356&mode=none&scale=downscaleonly
diy bedroom decorating ideas on a budget diy bedroom decorating ideas on a budget in inspiring easy and fast,http://t0.gstatic.com/images?q=tbn:ANd9GcR-NHxs1hrk2MF0kCfP7r9zFLFEGoc6BehN3Hklqy8Tj4JMgAFMEg
Abstract Paper Graphics / speech bubbles / vector illustration.,https://thumb7.shutterstock.com/image-photo/stock-vector-abstract-paper-graphics-speech-bubbles-vector-illustration-450w-230589679.jpg
124bbr | Antique Filigree Ring | for a 2.0ct. to 2.10ct. round stone | Heart and Leaves,https://www.bloomingbeautyring.com/wp-content/uploads/2014/01/124bbr-antique-filigree-ring-for-a-20ct-to-210ct-round-hearts-and-leaves-400x400.jpg
France's 'Atomic Anne' leaves Rio Tinto board,https://s.yimg.com/uu/api/res/1.2/y_jXSBv6ztk6B2Kwnbb4mg--/Zmk9c3RyaW07aD0xMjM7cHlvZmY9MDtxPTgwO3c9MjIwO3NtPTE7YXBwaWQ9eXRhY2h5b24-/http://globalfinance.zenfs.com/images/FIN_ANZ_AFP_ART_FTP_LIVE_1/7526119358d9b82f2da7bf4348459ea94fbe903f_original.jpg.cf.jpg
All Of The Ways Apple's New Free Mac OS Hurts Microsoft Windows,"https://images.fastcompany.net/image/upload/w_596,c_limit,q_auto:best,f_auto/fc/3020524-inline-i-1-all-of-the-ways-apples-new-free-mac-os-hurts-microsoft-windows.jpg"
Eucalyptus And Arnica Bubble Bath ( 2 - 12 FZ)-BHA,https://cdn.shopify.com/s/files/1/2657/9186/products/product_image_eucalyptus_and_arnica_bubble_bath_34091_largerview_300x300.jpg?v=1517252010
Exclusive Lifetime Warranty,https://mysimplyfloors.com/-/media/warranty.ashx?h=109&la=en&w=335
600GSM PP Needle Punched Nonwoven Fabric pictures & photos,http://image.made-in-china.com/43f34j00mydaYwJnQQpo/600GSM-PP-Needle-Punched-Nonwoven-Fabric.jpg
Stack Enamel Squirrel Elk Swan Animal Ring For young lady,https://cdn.shopify.com/s/files/1/2500/2616/products/Stack-Enamel-Squirrel-Elk-Swan-Animal-Ring-For-young-lady-Open-Cuff-Rings-Set-lovish-style-Jewelry-5d884a58849b6_480x.jpg?v=1602868416
Health concept of eating smart,https://us.123rf.com/450wm/gloffs/gloffs1506/gloffs150600072/41334403-concepto-de-la-salud-de-comer-inteligente.jpg?ver=6
Blue Color Whole Panel No Frame Staff Lockers pictures & photos,http://image.made-in-china.com/43f34j00DyLQOfFoCRbl/Blue-Color-Whole-Panel-No-Frame-Staff-Lockers.jpg
Photo of Guam Reef Hotel Tumon,http://media-cdn.tripadvisor.com/media/ProviderThumbnails/dirs/fa/bc/fabc8f2b98ea100f705633af8c696b522large.jpg
Color-Coded 3D TV Show Example - Hanna Montana,https://t1.daumcdn.net/tistoryfile/fs13/36_tistory_2009_11_22_21_30_4b092ed29aea3?x-content-disposition=inline
Diesel surprising pop-up store in New York 1,https://cpp-luxury.com/wp-content/uploads/2018/03/Diesel-surprising-pop-up-store-in-New-York-2-182x100.png
Jake Peralta icon,http://images6.fanpop.com/image/photos/36600000/Brooklyn-Nine-Nine-image-brooklyn-nine-nine-36616029-100-100.png
1. Green Red Water Abstract' Fashion Scarf - Tru-Artwear.ca,https://cdn.shopify.com/s/files/1/1301/5459/products/scarf_x1080-bg_f8f8f8.2u9_grande.jpg?v=1507321040
Berkeley Mba Essays Samples,http://i0.wp.com/easyjob.net/wp-content/gallery/free-resume-template-downloads/free-resume-download-templates.jpg
"Far Cry: New Dawn, la recensione - Recensione",https://multiplayer.net-cdn.it/thumbs/images/2019/02/13/far-cry-new-dawn_jpg_150x100_crop_upscale_q85.jpg
Xiaomi Redmi 3S Prime Review: A New Benchmark For Budget Phones,https://www.techtree.com/sites/default/files/styles/medium/public/2016/9/redmi3sprime2_0.jpg?itok=B_VdA-6s
Cyprus property for sale,https://www.cypruspropertyforsale.com/modules/property_sell/getPropertySellBanner.php?size=large&unq=20191118023046
GSE STOMACH DIGESTIVE RAPID 24 COMPRIMIDOS MASTICABLES,https://d2j6dbq0eux0bg.cloudfront.net/images/29759393/2185164121.jpg
Picture of Nissan Almera 1.5-LITER FUEL EFFICIENCY SALOON Automatic 2017,https://www.carsinmalaysia.com/media/fotos/4/hashim69_52724_1_1601757059.jpg
Game of Thrones / Character Poster I,https://i.pinimg.com/236x/70/75/f3/7075f3b4bad75084a12fdf29f43ac30c.jpg
The Secret of Guidance,https://www.olivetree.com/store/images40/32130_100w.jpg
Metrobank's north star elevates banking experience,https://1.bp.blogspot.com/-1fTs-nBPFJY/XSPeR_NaYgI/AAAAAAAA0r4/b-dHuZ1krhEi4KGKRwp8UFQLMS4Q8w0oQCLcBGAs/s1600/metrobank.PNG
"Equipment Graveyard, Mt. Ashland Ski Area, Rogue River–Siskiyou National Forest, Oregon, US",https://ssl.c.photoshelter.com/img-get/I0000.uYu0tS4Gm4/t/200/I0000.uYu0tS4Gm4.jpg
Adjustable 8 Inch LED Downlights 6000K with CE,http://bsg-i.nbxc.com/product/bd/ad/a4/7147d2c3e44c0ade70ea591602.jpg
1929 Ford Model A,https://i.ebayimg.com/00/s/NjAwWDgwMA==/z/~GgAAOSw~4NZsfsj/$_35.JPG
Imperial March Ringtone and Alert,https://m.media-amazon.com/images/I/61wtKmyYuWL._SL500_.png
KPMG: Cyber Security & The IoT Ecosystem | IoT | Iot projects,https://i.pinimg.com/originals/84/e1/3c/84e13cc26ccb78b1fc14a6f116867145.jpg
"Protesters clash with police in Kensington, Melbourne on Monday, December 4, 2017. Controversial public speaker Milo Yiannopoulo is currently touring Australia.",https://sl.sbs.com.au/public/image/file/3db652e6-0282-4f56-82fd-197dc07526d1/crop/1x1
prepared pancakes and coffee among ingredients on wooden background - 47390017,https://previews.123rf.com/images/tan4ikk/tan4ikk1511/tan4ikk151100104/47390017-przygotowane-nale%C5%9Bniki-i-kawa-w%C5%9Br%C3%B3d-sk%C5%82adnik%C3%B3w-na-drewnianym-tle.jpg
Green and Brown Circle Earrings,http://img2.etsystatic.com/000/0/5121236/il_170x135.58312610.jpg
Agriculture Field Rural Scene Farm Cloud - Sky Nature Crop  Landscape Sun Growth Sunlight Beauty In Nature Outdoors Day No People Tranquil Scene Scenics Plowed Field Tree Sky,https://cdn.eyeem.com/thumb/12c3d534dbf476ea755f02059ad902d16dd85aff-1493370834813/w/950
Phonics made fun,https://i.pinimg.com/736x/8f/14/e7/8f14e72f174c908473f148edb5318838--learning-phonics-preschool-phonics.jpg
Meet the Condo That Comes With a Boat [PHOTOS],https://assets-prod.rew.ca/news-article-image/3055/6415_Boat-2.jpg?trim=&fit=crop&w=376&h=210
large titanfall 2 wallpaper 3830x2123 for ipad 2,https://wallpapertag.com/wallpaper/middle/c/d/9/321061-large-titanfall-2-wallpaper-3830x2123-for-ipad-2.jpg
Employees assembling jigsaw puzzle during business meeting - Stock Image,https://c8.alamy.com/comp/PGMXX7/employees-assembling-jigsaw-puzzle-during-business-meeting-PGMXX7.jpg
Spoon with coconut oil,https://st3.depositphotos.com/thumbs/1177973/image/14757/147577559/api_thumb_450.jpg
Cottage Below Holiday Cards,https://2.bp.blogspot.com/-Ph816gt99HA/V-20kBSfnOI/AAAAAAAACNo/0HZ_0aCyppU05Swp-ker3EHvzsV1RwYhwCLcB/s1600/CardMaker+Holiday+Issue.jpg
Asics Women S Gel Upcourt Volleyball Shoe Awesome Product Click The Image Running Shoes Volleyball Shoes Asics Women Womens Fashion Sneakers,https://i.pinimg.com/originals/d9/83/11/d9831100d1843b479e62ddfef7ecc49c.jpg
yellow daybed,https://i.pinimg.com/236x/2b/4c/41/2b4c412223c045610a8fd73ccf9091d4.jpg
Gasket Diagrams Transmission Pan Gasket Shapes Gm Transmission Id,https://ricksfreeautorepairadvice.com/wp-content/uploads/2009/10/FORD-Pan-gaskets-and-bolts.jpg
REVEALED: How Nnamdi Kanu was lured with cash 'donation' and arrested,https://themomentng.com/wp-content/uploads/2021/06/Nnamdi-Kanu-1-696x609.jpeg
رفع ارور Efficiently encode images,https://mizfa.com/blog/wp-content/uploads/2021/03/optimize-img.webp
Ranbir Kapoor Hd Wallpapers Collection Free Download,http://4.bp.blogspot.com/-g6JxRWsAHYo/U5Huz2lLl1I/AAAAAAAAFw0/RfU3b-FJSLU/s1600/ranbir+kapoor+pictures_%7B32%7D.jpg
Trendy gradient spherical shapes geometric vector background. Colorful abstract banner graphic design with text frame. Spherical gradient motion elements modern poster layout. Geometric shapes banner. Çizim,https://us.123rf.com/450wm/sunwart/sunwart1912/sunwart191200611/135020572-trendy-gradient-spherical-shapes-geometric-vector-background-colorful-abstract-banner-graphic-design.jpg?ver=6
Control: Ultimate Edition (PS5 and PS4),https://1.bp.blogspot.com/-1R37Zw2-tDA/YBJMsfDJWgI/AAAAAAAACZM/1SBNLNcAXEU5vpfleDKaaI8nuS7iTbnBQCLcBGAsYHQ/w640-h360/control-ultimate-edition.jpg
PS5-Riders-Republic-Limited-Edition on sale,https://salefinder.co.nz/images/thumbs/ipad/119461103_e3d4a70a0fbe761.jpg
Bathroom Vanity With Drawers Tags  Bathroom Cabinets Plans Bed - Corner cabinet bed bath and beyond,http://t0.gstatic.com/images?q=tbn:ANd9GcSxsoolX6dEUou691nCysl5vXn3aTHEt3EvRA12nKg7Y43WQurbcQ
"Autumn Leaves upcycled inner tube necklace by Har1equinRose, £14.00",https://i.pinimg.com/736x/37/38/6b/37386b0b1c993d0257da34053dc93588--autumn-leaves.jpg
Vintage 90s Ivory Leather Stacked Heel Structural Minimalist Mod Pumps Ankle Shoes  US 8 1/2,https://img0.etsystatic.com/125/2/12189974/il_340x270.987582688_5dac.jpg
A video posted by the author.,https://images-na.ssl-images-amazon.com/images/I/91qnIe5L1IS._UY200__PKap-play-v1_.png
New Delhi India Skyline Shower Curtain,https://render.fineartamerica.com/images/rendered/search/shower-curtain/images/artworkimages/medium/1/4-new-delhi-india-skyline-michael-tompsett.jpg?&targetx=-220&targety=0&imagewidth=1228&imageheight=819&modelwidth=787&modelheight=819&backgroundcolor=A2621C&orientation=0
Broken Sun Sign Relationships ... An AstroCoach's Guide To Astrological Incompatibility,https://imgv2-1-f.scribdassets.com/img/word_document/337598256/149x198/f9bdaf761c/1555782076?v=1
Hand painted bollywood movie posters Suhaag,https://bollywoodpostersstudio.com/wp-content/uploads/2015/12/Suhaag-hand-painted-bollywood-movie-posters.jpg
"real non petrol exports and imports, pre-crisis peak","https://cdn.cfr.org/sites/default/files/styles/large_s/public/image/2018/12/real%20non%20petrol%20exports%20and%20imports,%20pre-crisis%20peak.png"
Rhuddlan Castle royalty free stock images,https://thumbs.dreamstime.com/t/rhuddlan-castle-9572619.jpg
"Games board depicting butterflies and insects in the chequered squares, from Eger (Cheb) (ebony)",https://images-cdn.bridgemanimages.com/api/1.0/image/600wm.LOB.4759710.7055475/176395.jpg
"State wooden blocks, wooden blocks, state pride, home sweet home, home decor, home sweet home block, state pride decor, name your state",https://img0.etsystatic.com/206/2/12178637/il_340x270.1277504290_akps.jpg
The Ultimate Bag Free Camping Hammock,https://backpackingexpert.com/wp-content/uploads/2017/09/The-Ultimate-Bag-Free-Camping-Hammock.jpg
purchase gift cards online nails and beauty gift vouchers online nails and beauty,http://t0.gstatic.com/images?q=tbn:ANd9GcQvH_WE5unOJtVjriQh2zZXeFczCQ-LRLnqTBwmosshOfOr5eIgsA
The article as it originally appeared.,https://s1.nyt.com/timesmachine/pages/1/1909/10/23/106722960_180W.png
the rise of the 2 nd biological psychiatry16,https://image.slideserve.com/80274/the-rise-of-the-2-nd-biological-psychiatry16-t.jpg
Stitch Fix Alan Cardigan,https://i.pinimg.com/236x/77/f2/29/77f22992f070b8a6eb171a2d2e89f807--neutral-colors-bright-colors.jpg
Ladies new fashion dresses pakistani,https://dresseskhazana.com/wp-content/uploads/2017/03/New-Dress-Look.jpg
DMCA.com Protection Status,http://images.dmca.com/Badges/DMCA_logo-grn-btn180w.png?ID=539a2e96-328b-4c96-9343-c28b25a10302
Cartoonist Matt Wuerker  Matt Wuerker's Editorial Cartoons 2017-01-13 2016 election,https://www.cartoonistgroup.com/properties/Wuerker/art_images/tn_cg5876fb8d647df.jpg
Girl12Queen Portable Cartoon Cat Coin Storage Case Travel Makeup Pouch Soft Cosmetic Bag,https://i5.walmartimages.com/asr/b1cebd5d-cd9f-418f-9a94-c2d0db30169f_1.9af0e7c519083565e7c6050318c35738.jpeg?odnWidth=282&amp;odnHeight=376&amp;odnBg=ffffff
Super Stick PAT Test Labels - Sticks to almost anything! Design 3. Choice of colours,https://www.patlabelsonline.co.uk/images/super-stick-pat-test-labels-sticks-to-almost-anything-design-3-choice-of-colours-p1967-25310_medium.jpg
"Longines Realty, Inc. - Commercial Real Estate Lease Listing: Residential 231 Centre St NYC",https://images.squarespace-cdn.com/content/v1/5ab556cf5cfd791fd505688c/1537374422489-BV18OG9HTXOTXTV92MRL/ke17ZwdGBToddI8pDm48kD_oGUSWuRp2jXjuKEQV3nl7gQa3H78H3Y0txjaiv_0fDoOvxcdMmMKkDsyUqMSsMWxHk725yiiHCCLfrh8O1z4YTzHvnKhyp6Da-NYroOW3ZGjoBKy3azqku80C789l0hReLB75oIvKxcDxwlnLXaaGu5C6er8w8BNVEuqqdDHgJcM47wyS8Wc3GmL3INRFrw/231+centre+st_big2.jpg
Exterior rendering of Anx on Dupont Condos during the day.,https://condoinvestments.ca/wp-content/uploads/2019/05/rendering-anx-condos-1-exterior.jpg
Sensational She-Hulk (1989) #14,https://i.annihil.us/u/prod/marvel/i/mg/c/60/59bc043cd9b6c/clean.jpg
Mosaic Show Silver Quality (Weiwei Men Ring Rings S925 Sterling Silver Mosaic Natural Jasper Women's Minimalist Atmosphere Rose Ring Send Friends Family Birthday Graduation Gift),https://images-na.ssl-images-amazon.com/images/I/41yZ7LC1GDL.jpg
"EmploymentGroup, with its Strong Midwest Roots for Nearly 60 Years, Launches New Name — EG Workforce Solutions",https://lh3.googleusercontent.com/proxy/vUIiffaU_88LCJ0hGS2VxT5w_z5gP66LTU6HnYb9hI3b1wc2iiCX7dz7VAYH6rT56F6WkcuwixLKd0NL_XN5WB3hHBNTecmp=s110-p
"JH Specialties Inc/Lumabase Lumabase Set of 2, 100 Mini String Lights with Timer","https://slimages.macysassets.com/is/image/MCY/?&$b=MCY/swatches/&hei=75&wid=310&cropN=0,0,5,1&resMode=sharp2&fmt=jpeg&qlt=100,0&layer=0&size=310,75&anchor=0,0&layer=1&size=60,75&src=is%7B$b$7/optimized/11610907_fpx.tif%7D&anchor=0,0&posN=0.000000,0&layer=2&size=60,75&src=is%7B$b$5/optimized/11610905_fpx.tif%7D&anchor=0,0&posN=0.200000,0&layer=3&size=60,75&src=is%7B$b$6/optimized/11610906_fpx.tif%7D&anchor=0,0&posN=0.400000,0&layer=4&size=60,75&src=is%7B$b$7/optimized/11610907_fpx.tif%7D&anchor=0,0&posN=0.600000,0&layer=5&size=60,75&src=is%7B$b$4/optimized/11610904_fpx.tif%7D&anchor=0,0&posN=0.800000,0"
"Reditainer - Plastic Disposable Portion Cups - The Souffle Cup (1 Ounce, Package of 100 Cups With Lids) (1 Oz Plastic Cups compare prices)",http://ecx.images-amazon.com/images/I/51vM%2Bq9BFJL.jpg
Flood Insurance: What is Covered?,https://montrosecountysheriffsoffice.com/wp-content/uploads/2019/05/vidar-nordli-mathisen-600411-unsplash-400x250.jpg
"The Mary Tyler Moore Show: 10 Best Episodes, Ranked (According To IMDb)",https://www.dvdshelf.com.au/wp-content/uploads/2021/04/mary-tyler-moore-show-best-episodes-ranked-according-imdb-1.jpg
"60 DIY Christmas Crafts 2019 , Easy Holiday Craft Ideas for","https://hips.hearstapps.com/hmg-prod.s3.amazonaws.com/images/diy-advent-calendar-paper-star-1-1570216840.jpg?crop%5Cu003d0.8606666666666666xw:1xh;center,top%5Cu0026resize%5Cu003d480:*"
Ajmer To Abu Road deals on Bus Ticket Booking: TYBEST120,https://s3-ap-southeast-1.amazonaws.com/ty-seo-images/Routes/Ajmer-to-Abu-Road/Ajmer-to-Abu-Road-TYBEST120_20161201.jpg
Kate Spade Athleisure Polka Dot Scallop Jacket Women's Coat,https://img.shopstyle-cdn.com/pim/30/03/30035c7a1c9f136b0e897dc87db4733e_xlarge.jpg
Technology Ethics Discussion and Business Meeting Concept Art 3d Illustration Render,https://static1.bigstockphoto.com/thumbs/0/3/1/large2/130799513.jpg
It's time to Shell-ebrate with this cute birthday gift tag created using the Turtle Friends Stamp Set from Stampin' Up! #papercraftwithme,https://i2.wp.com/papercraftwithme.com/wp-content/uploads/2021/05/Time-To-Shelli-brate-Tag.jpg?resize=1024%2C1024&ssl=1
Picture of '66 Mustang Ranchero - LAWV,https://ccmarketplace.azureedge.net/cc-temp/listing/99/3919/8212118-1966-ford-mustang-thumbnailcarousel.jpg
Image result for youth worker superhero,https://jamesballantyneyouthworker.files.wordpress.com/2018/11/b10ce-3d3futf-83fb3fanvzdgljzv9szwfndwuuanbn3f3d-752371.jpg?w=720
CET 6 HP Hand Truck Fire Pump,http://metosoffshore.com/wp-content/uploads/CET-6-HP-Hand-Truck-Fire-Pump.png
Room for rent sign,https://grad.berkeley.edu/wp-content/uploads/room-for-rent-square-150x150.jpg
".52ct Heart Shaped Diamond, EGL H SI2",https://photos.smugmug.com/photos/i-rv7PTRf/0/M/i-rv7PTRf-M.jpg
Historical Notes to the Lyra Germanica,https://books.google.com/books/content/images/frontcover/jyUHAAAAQAAJ?fife=w150
Eric Reid of the San Francisco 49ers takes a knee during,https://www.gannett-cdn.com/-mm-/9902e24b3ce22452871a78d74d7f00970fb66eca/c=0-0-533-401/local/-/media/2017/11/10/Brevard/Brevard/636459104481743977-Boycott5.jpg?width=540&height=405&fit=crop
Elodie K Long Sleeve Patch Pocket Cardigan,https://img.shopstyle-cdn.com/pim/a6/44/a6444f37b972191f2e22232edaea9baa_xlarge.jpg
2011 09 3011 - Tutorial: Make Azul e Preto,https://i0.wp.com/www.patricinhaesperta.com.br/wp-content/uploads/2011/10/2011-09-3011.jpg?resize=640%2C384
The Loved Dog By Tamar Geller Youtube border=,https://i.ytimg.com/vi/IRW0Wl24ocE/hqdefault.jpg
USS Independence LCS-2 Model,https://z0sqrs-a.akamaihd.net/4808_scalereproductions1/images/gallery/20150928110126_did_23524_col_image.JPG
Chocolate With Ribbon And Hear...,https://thumb10.shutterstock.com/image-photo/redirected-150nw-244470847.jpg
South West Wales Dormlodge pool table,https://www.adventureactivityweekends.co.uk/images/accommodation/sww_d4.jpg
Totem 2.0 Bicolor - Playera 2 colores disponible - Stockholm company,https://cdn.shopify.com/s/files/1/0078/3958/0249/products/kichink_OCT_18_totem-degradadoFRIO_720x.jpg?v=1582829018
"Photo of 3850 Galt Ocean Dr #1409, Fort Lauderdale, FL 33308 (MLS # F10204182)",https://images.marketleader.com/HouseImages/FTLAUDERDALE/182/F10204182.jpg
popping cork: 3d business people. Businessman uncorking a bottle of champagne. Isolated white background.,https://us.123rf.com/450wm/texelart/texelart1601/texelart160100005/50363457-3d-business-people-businessman-uncorking-a-bottle-of-champagne-isolated-white-background.jpg?ver=6
"Flamenco design over white background, vector illustration.",https://us.123rf.com/450wm/yupiramos/yupiramos1502/yupiramos150209276/36897357-stock-vector-flamenco-design-over-white-background-vector-illustration-.jpg?ver=6
Blue rope choker statement necklace,https://cdn.shopify.com/s/files/1/0877/6430/products/6860966901946107547_195x.jpg?v=1576971370
Ashes To Ashes Framed Print featuring the digital art Ashes To Ashes by Betta Artusi,https://render.fineartamerica.com/images/rendered/default/framed-print/images-medium-5/ashes-to-ashes-betta-artusi.jpg?imgWI=8.000&imgHI=8.000&sku=CRQ13&mat1=PM918&mat2=&t=2&b=2&l=2&r=2&off=0.5&frameW=0.875
Toddler & Youth Glitter Bow Mary Jane Pump,https://cdn.shopify.com/s/files/1/0819/6181/products/8e430b01ee4d9812e0332e9891f070e5_400x400.jpg?v=1552332416
Center for Curatorial Studies and Hessel Museum of Art,http://www.e-flux.com/wp-content/uploads/2010/11/wpid-1244497224logo_web.jpg?b8c429
Mercedes Benz autonomous concept car Stock Image,https://thumbs.dreamstime.com/t/mercedes-benz-autonomous-concept-car-geneva-switzerland-march-th-international-geneva-motor-show-palexpo-geneva-68634461.jpg
SPERRY Women's Saltwater Sandal Buckle Platinum 8.5 M US,https://images-na.ssl-images-amazon.com/images/I/41A4MQG8Y%2BL.jpg
Apple iPhone 6S Plus 64GB (Straight Talk -AT&T) Space Gray Smartphone Bundle (A),http://thumbs.ebaystatic.com/images/g/JGkAAOSwLF1YBuz6/s-l225.jpg
Trans Globe Traditional Crystal Six Light Chandelier HK-6PC,http://s.ecrater.com/stores/57275/5165a35e56579_57275f.jpg
"Nov 30, · Lands End School Uniform A-line Skirt Below the elastic cuffs with adjustable velcro. this listing is for a set of girls school uniform pieces made by lands end.",https://www.babysavers.com/wp-content/uploads/2014/07/lands-end-dress1.jpg
'Friends' star Matthew Perry reveals three-month hospital stay following surgery,https://a57.foxnews.com/images.foxnews.com/content/fox-news/entertainment/2018/09/15/friends-star-matthew-perry-reveals-three-month-hospital-stay-following-surgery/_jcr_content/par/featured_image/media-0.img.jpg/931/524/1537015053540.jpg
this easy overnight pancake casserole is perfect for breakfast or brunch,https://farm8.staticflickr.com/7565/15865858497_c968114704_b.jpg
Barbell Royalty Free Stock Image,https://thumbs.dreamstime.com/b/barbell-908606.jpg
Star Chef™ : Cooking & Restaurant Game 2.25.17 screenshots 1,https://play-lh.googleusercontent.com/UOG3Rgv1LsrpjJ6it0y6hNhJ-uLp97wXR4IxjeLynGKmeud5HHHJmRfwxR6azujdNas
"audio, earphone, headphone, headset, multimedia, music icon",https://cdn1.iconfinder.com/data/icons/network-and-comminications-flat-square-rounded-sha/120/earphone__headphone__headset__audio__multimedia__music-128.png
Property For Rent in Redcliffe,http://renet.us/1974/images/1974_12809363_0_1429151916.jpg
Actress Pujita Ponnada in beautiful red dress at Darshakudu music launch ~ Celebrities Galleries 005.JPG,https://3.bp.blogspot.com/-zwSgHpB1pnA/WWp3pAqgsvI/AAAAAAAAyqQ/Toxngk_kSEkE2dhOseGnuX8_Ffoxmi3sQCLcBGAs/s200/Actress+Pujita+Ponnada+in+beautiful+red+dress+at+Darshakudu+music+launch+~+Celebrities+Galleries+005.JPG
"2 Stacy Street, Gowrie, ACT 2904",https://i2.au.reastatic.net/800x600/28a378f397064c4756b70ba2f7e46f3017be0f788acba909d56c81a8ebb2af82/main.jpg
LUBEX ANTİ AGE CLASSİC NİGHT 50-GECE KREMİ,https://www.freshecza.com/UserFiles/Fotograflar/350x350/18548-4767buyukjpg-4767buyuk.jpg
VR State Agency Infrastructure including Technology,http://image1.slideserve.com/3347704/vr-state-agency-infrastructure-including-technology-n.jpg
Stella pink metallic short,https://www.thelingerieaddict.com/wp-content/uploads/Stella-pink-metallic-short-400x400.png
"Breguet. An 18K gold and tiger's eye lady's wristwatch Ref: BA 8011, Case No.2058, sold 1988",https://images2.bonhams.com/image?src=Images/live/2012-11/06/8574413-6-1.jpg&amp;top=0.5157&amp;left=0.5100&amp;bottom=0.7880&amp;right=0.8533&amp;width=150
at Dawn. Linen Dolman Wrap Dress,https://images2.garmentory.com/images/2383802/medium/Linen-Dolman-Wrap-Dress-20190316000138.jpg?1552694503
Louis Vuitton Monogram Tambourin (Authentic Pre Owned),https://cdn.shopify.com/s/files/1/0066/5272/products/150725-06_800x.jpeg?v=1571438740
Labeling Scale Dibal D-955 With Pole,https://www.aparaturafiscala.ro/7082-large_default/labeling-scale-dibal-d-955-with-pole.jpg
"QR Code Mashups for Everyone """" if MacGuyver was still on TV there would be a QR Code episode",https://image.slidesharecdn.com/qrcodemashupsforeveryone-110327050154-phpapp01/95/qr-code-mashups-for-everyone-1-728.jpg?cb=1301509756
"Orange, red, Essential Oil",http://shop.vedalila.se/shop/thumbnails/shop/11574/art74/h4180/2354180-origpic-e0b364.jpg_0_15.0135_100_69.9731_255_238_95.jpg
The Great Mosque Djenne -Mali-,https://lh6.googleusercontent.com/-6hTbRqZDJP0/VNNVfJT6T-I/AAAAAAAAKIk/s1evCr4cBo8/s400/113-01.jpg
Forest Green Rovers,http://d2pg140zj6gyoy.cloudfront.net/static/co/logo_68x68/238.png
International 1847 Rogers (Eternally Yours) 3-Dinner Forks,http://productimages.goantiques.gemr.s3.amazonaws.com/502616/434141270_fullsize.jpg
Men's brown and tan RRL & Co leather bomber jacket with rib knit trim,https://product-images.therealreal.com/WRRLL20168_4_product.jpg
Two Hurlimann Drinking Glass 2 Deca Liters German Drinking Glass,https://i.ebayimg.com/00/s/OTAwWDE2MDA=/z/IRUAAOSwjMteoIv1/$_12.JPG
Cartoon Fruit Dustproof Reuseable Silicone Cup Cover Coffee Leakproof Suction Seal Lid Cap,https://ae01.alicdn.com/kf/HTB1Yad6bzzuK1RjSsppq6xz0XXaK/Cartoon-Fruit-Dustproof-Reuseable-Silicone-Cup-Cover-Coffee-Cup-Leakproof-Suction-Seal-Lid-Cap.jpg_220x220.jpg
Half Blood (A Helheim Wolf Pack Tale #1),http://1.bp.blogspot.com/-aPFPaugPbrs/UN-84E2HxDI/AAAAAAAAAfA/E73iX5Z22C4/s320/Half%2BBlood%2BCOVER.jpg
The Beginner's Latin...,https://image.anobii.com/images/0/0/5/58/587/5870/0158705e114b384316.jpg
This Japanese Artist Turns Funny Animal Photos Into Sculptures (30 pics),https://cdn.acidcow.com/pics/20210307/1615112185_rpk9r9sjaq.jpg
"With CDC guidance that physical cash or cards could expose buyers and sellers to the coronavirus, many people are opting for contactless payments.",https://bloximages.chicago2.vip.townnews.com/wcfcourier.com/content/tncms/assets/v3/editorial/a/66/a66bb016-582c-55d7-9d4c-c76aa392f457/5ecd252730b50.image.jpg?resize=400%2C266
Iams Cat Food Issues,http://ecx.images-amazon.com/images/I/515EK0nRgiL.jpg
Drift Max Pro - Car Drifting Game with Racing Cars [Free Sho,https://lh3.googleusercontent.com/Y5Ir7IT_iNUAADwPzaRHX3IPEpJmTxv5yhFVuCWW08jRBnU4PKvBUeanOOCZQNJk2OJi=h310
Image 6 - Traditional White Rose,https://www.baytree-interiors.co.uk/_uploads/img/products/small/traditional-white-rose_18963-esml.jpg
Monarch Close-up Portable Battery Charger,https://render.fineartamerica.com/images/rendered/search/flat/battery/images/artworkimages/medium/2/monarch-close-up-garden-gate-magazine.jpg?&targetx=0&targety=-83%E2%84%91width=864%E2%84%91height=576&modelwidth=864&modelheight=410&backgroundcolor=AE999E%E2%88%A8ientation=1%E2%88%8Fucttype=battery-5200
University Lecture Theatre Audience,https://egressability.files.wordpress.com/2017/09/university-lecture-theatre-audience.jpg?w=330&amp;h=240&amp;crop=1
Horse Trailers for Sale at Wild West Trailer Sales,https://dealer-cdn.com/skin/website/responsive/wildwest/images/button-horse.jpg?sv=2kh8h3?sv=x112189369
"Amazing aerial view of the sunset over Old town of Riga, Vecriga in Latvia. River Daugava, with Domes cathedral and golden cock in the foreground.",https://t4.ftcdn.net/jpg/02/06/62/87/240_F_206628721_xRLWwPCoG9Wkl7iMIywl8yaDxAhSwE0j.jpg
2007 Hellboy Sword of Storms Sketch Card,https://i2.wp.com/www.tradercracks.com/wp-content/uploads/2016/04/2007-Hellboy-Sword-of-Storms-Sketch-Card.jpg?resize=214%2C300
bmw f motorcycle motorcycles desktop wallpapers bmw f 700 gs 2016,http://t0.gstatic.com/images?q=tbn:ANd9GcSJuu27ZLmYYPr0-lFO6PiRVk3H5RQGCbcD2KB_0sye5gm2dxfT2A
Chicco Polly Magic High Chair Trona Chicco Polly Magic 2016 Chicco Pinterest Babies,http://t0.gstatic.com/images?q=tbn:ANd9GcTTDhiNK6i5tK6tXP-4CG_4RCXs2b4LEoFEp_I73feZQpKrwNaV-Q
android game programming,https://whatpixel.com/images/2017/05/andoid-game-programming-by-example.jpg
"SWAROVSKI Facet Swan Pierced Earrings, White, Rose gold plating",https://upload.kingpower-cn.com/image/7d/21/7d2195e49422d9e907db59e9e72f2f01.jpg@240w_240h
retro background for web banners posters cards vector image,https://cdn3.vectorstock.com/i/thumb-large/26/27/retro-background-for-web-banners-posters-cards-vector-21612627.jpg
"Blue mosque, Istanbul, Turkey Refrigerator Magnets",http://rlv.zcache.com/blue_mosque_istanbul_turkey_refrigerator_magnets-r52ec7c6e38dd476689e748439c34ff58_x7j3u_8byvr_216.jpg
Peugeot Onyx Concept Scooter Design Sketch,http://www.carbodydesign.com/media/2012/09/02-Peugeot-Onyx-Concept-Scooter-Design-Sketch-02-355x177.jpg
Skyscraper with mirrored Windows against a blue sky with large clouds and trees. Moscow. 07.09.2016 royalty free stock images,https://thumbs.dreamstime.com/b/skyscraper-mirrored-windows-against-blue-sky-large-clouds-trees-moscow-141708789.jpg
"22. UCLA Photo: Mark J. Terrill, Associated Press",https://s.hdnux.com/photos/25/01/14/5509944/3/920x920.jpg
Manufacturing of Polymer Composites by B. Tomas Astrom,http://i.shopmania.org/180x180/2/22/2250ce69104ff08ad529b91eb892b4eeb3a96d8e.jpg?u=https%3A%2F%2Fd20eq91zdmkqd.cloudfront.net%2Fassets%2Fimages%2Fbook%2Flrg%2F9780%2F7487%2F9780748770762.jpg
"USA, Utah, Dixie National Forest, Aspen Grove Square Pendant Necklace",http://rlv.zcache.co.uk/usa_utah_dixie_national_forest_aspen_grove_square_pendant_necklace-r7feac6ec5c13429a833a5033ed776d7e_fkoep_8byvr_324.jpg
Prefab Granite Bathroom Vanity Tops,https://i.pinimg.com/736x/c5/fa/b2/c5fab2049b28d7acc805b6dcde0d699a.jpg
➉ Trap Nation Neovaii - At The End,https://pp.userapi.com/c834101/v834101685/f545f/EvQeoucyWvs.jpg
Truck Stop - Made In Germany - Limited Fanbox,https://www.cdhal.nl/media/catalog/product/cache/f8dd212b5e51c38631a4ef0ce8c3e9a6/1/8/18714.jpg
Slow Waltz in Cedar Bend Robert Waller 1st printing/edition AL1043,http://s.ecrater.com/stores/19993/46089f0d730c9_19993b.jpg
"Top 6 Mysteries of the Chateau Miranda, Belgium",http://www.science-rumors.com/wp-content/uploads/2017/03/Top-6-Mysteries-of-the-Chateau-Miranda-Belgium-150x150.jpg
15mm Silver & Copper Coat of Arms Metal Shank Suit Button,https://www.totallybuttons.com/pub/media/catalog/product/cache/1109622d26f8d5cd3c90dcde1369755c/m/1/m1468_2.jpg
Programming for Engineers in Python,http://slideplayer.com/15/4547469/big_thumb.jpg
"Sunbeam-Mixed,Orange,White,Yellow,Chrysanthemum,Daisy,Gerbera,Lily,Mixed Flower,Bouquet",https://www.flora2000.com/lux200/9609.jpg?20140710153726
A slight risk for a few severe storms is possible today across the WBKO viewing area as a cold front moves southward.,https://chrisallenchallenge.files.wordpress.com/2014/07/july14severe.png?w=736
Size 10 - adidas Yeezy Boost 700 V1 Teal Blue Brand New in Box Authentic FW2499,https://i.ebayimg.com/thumbs/images/g/PokAAOSwLctf~5Me/s-l300.jpg
Space Mousepad 4,https://rlv.zcache.ca/space_mousepad_4-r9f3c97aade734546be3bcc60d5be8329_x74vi_8byvr_324.jpg
"3dRose Graphic Design Hot Air Balloons with Blue sky backround Ballooner, Greeting Cards, 6 x 6 inches, set of 12 (Balloons With Designs)",https://i5.walmartimages.com/asr/119a7994-2db9-40a6-bf0e-66d4f87ed80e_1.d8c9b7d38d15f2f4b32a0dfc6389304b.jpeg?odnHeight=450&odnWidth=450&odnBg=FFFFFF
1.25 ctw Fancy Black Diamond Solitaire Engagment Ring,https://p1.liveauctioneers.com/1295/195241/98878892_1_x.jpg?auto=webp&format=pjpg&quality=65&version=1614545112&width=310
Metal Gear Solid V: The Definitive Experience 4,https://s2.gaming-cdn.com/images/products/1643/screenshot/1643-4-thumb.jpg
Marit de la Vera – Wedding Photography,http://www.maritdelavera.com/wp-content/uploads/2017/09/LOGO_DEF_ZWART.png
generous 9-9.5mm bread freshwater pearl clip earrings,https://www.lpearls.com/images/lfe223-pearl-earrings.jpg
BlitzWolf® BW-ANC2 bluetooth 5.0 Earphone Active Noise Reduction Neck Hanging Headset Waterproof Sport Headphone with Mic,https://i1.wp.com/imgaz3.staticbg.com/thumb/large/oaupload/banggood/images/E7/69/15340851-63a0-41b3-8202-50b957f84206.jpg?w=950&ssl=1
New Hampshire State Flag Putt-A-Round putting aid with green base. Great way to improve your golf short golf game skills. Makes an awesome gift or giveaway!,https://cdn.shopify.com/s/files/1/1669/0245/products/Putt-A-Round-New-Hampshire-Green-8X10_grande.jpg?v=1524081254
"PDF Knitting Pattern fits My Twinn (My BFF), 23 inch dolls. Hoodie, 647 - product images  of",https://cdn.supadupa.me/shop/2137/images/746510/647-2_grande.jpg?1358178093
Keith Brown's Swift DB-1 Formula Ford,http://www.comicozzie.com/gallery2/d/72668-3/JPS91-07.jpg
3CX PBX and Zendesk CRM Integration,https://d20hvw4zeymqbm.cloudfront.net/wp-content/uploads/2016/08/2016-08-25.jpg
unbearable noise in my mind by SaraSmaha on DeviantArt,"https://images-wixmp-ed30a86b8c4ca887773594c2.wixmp.com/f/c22ef586-445e-42e1-9336-3d83fcbdfdab/d6s9iin-a892bdd8-9c1d-475c-b1da-261c4e817adb.jpg/v1/fill/w_1024,h_1365,q_75,strp/unbearable__noise_in_my_mind_by_sarasmaha-d6s9iin.jpg?token=eyJ0eXAiOiJKV1QiLCJhbGciOiJIUzI1NiJ9.eyJpc3MiOiJ1cm46YXBwOjdlMGQxODg5ODIyNjQzNzNhNWYwZDQxNWVhMGQyNmUwIiwic3ViIjoidXJuOmFwcDo3ZTBkMTg4OTgyMjY0MzczYTVmMGQ0MTVlYTBkMjZlMCIsImF1ZCI6WyJ1cm46c2VydmljZTppbWFnZS53YXRlcm1hcmsiXSwib2JqIjpbW3sicGF0aCI6Ii9mL2MyMmVmNTg2LTQ0NWUtNDJlMS05MzM2LTNkODNmY2JkZmRhYi9kNnM5aWluLWE4OTJiZGQ4LTljMWQtNDc1Yy1iMWRhLTI2MWM0ZTgxN2FkYi5qcGciLCJ3aWR0aCI6Ijw9MTAyNCIsImhlaWdodCI6Ijw9MTM2NSJ9XV0sIndtayI6eyJwYXRoIjoiL3dtL2MyMmVmNTg2LTQ0NWUtNDJlMS05MzM2LTNkODNmY2JkZmRhYi9zYXJhc21haGEtNC5wbmciLCJvcGFjaXR5Ijo5NSwicHJvcG9ydGlvbnMiOjAuNDUsImdyYXZpdHkiOiJjZW50ZXIifX0.mYQAQBoa9e6H3Gxvy7YpE9T_9VuXO9J_qvoik1DWv1g"
New Fashion Simulated Pearls Pendientes Bijoux Angel Wings Leaf Feather Flowers Stud Earrings For Women Wedding Jewelry Brincos,https://ae01.alicdn.com/kf/HTB1358slNuTBuNkHFNRq6A9qpXaT.jpg_q50.jpg
"Teal, Lavender & Metallic Gold Foliage Scrub Hat, Beautiful Women's Floral Pixie Scrub Caps, Operating Room Hats, Custom Caps Company",https://img1.etsystatic.com/209/1/11014473/il_340x270.1342182457_mkg6.jpg
2 Anker Wireless Charger for iPhone XS Max_XS_XR,https://www.howtoisolve.com//wp-content/uploads/2018/10/2-Anker-Wireless-Charger-for-iPhone-XS-Max_XS_XR.jpg
6 to 8 foot wide crocheted spider web from Key West Florida,https://s-media-cache-ak0.pinimg.com/236x/15/26/f6/1526f6cd7bc69adc32804ed214469b53--yarn-bombing-art-yarn.jpg
Townsmen- screenshot thumbnail,https://lh3.googleusercontent.com/KZbtS-Ono6mfOVD-dH4K3i-I1btHFftScCIht4mcfEZDYMMmfT6uPLlONfyH_zMv5wE=h310
Dangers of Smoking Anatomical Chart,https://s1.adlibris.com/images/6149990/dangers-of-smoking-anatomical-chart.jpg
Counting Chameleon Puzzle,https://cdn.shopify.com/s/files/1/0376/9521/products/059433_360x.jpg?v=1602014051
Sims 4 CC's - The Best: EA Hair Recolors by Lotti die ...,https://i.pinimg.com/originals/bb/5d/74/bb5d742ae3fb876265c5957f6e4ebd15.jpg
set of cute christmas character.... | Shutterstock .eps vector #316136189,https://thumb7.shutterstock.com/image-photo/redirected-150nw-316136189.jpg
Glowing 22ct Gold Art Deco Wedding Band c.1926,https://cdn.shopify.com/s/files/1/1131/5568/products/IMG_5505_1024x1024.JPG?v=1571282967
Cosmos 5 Piece HD Multi Panel Canvas Wall Art Frame,https://cdn.shopify.com/s/files/1/0083/0426/3248/products/product-image-902287014_300x300.jpg?v=1571723151
China hot sale <strong>PP</strong> +UV cucumber climbing net/plant clibing nets,http://sc01.alicdn.com/kf/HTB1xrcCLXXXXXblXVXXq6xXFXXXu/China-hot-sale-PP-UV-cucumber-climbing.jpg_220x220.jpg
small resolution of Dividing Fractions Worksheets for Math Centers,https://i.pinimg.com/originals/cc/8a/33/cc8a335cb0a64578d4fb64892de2371d.jpg
Popcorn coloring pages,https://coloringtop.com/sites/default/files/styles/h250/public/14_0.jpeg?itok=EhtTyJvT
Set of vertical banners. Cup with floral design elements. Vector illustration in brown and white colors. 일러스트,https://us.123rf.com/450wm/debopre1vita/debopre1vita1911/debopre1vita191100019/134629644-set-of-vertical-banners-cup-with-floral-design-elements-vector-illustration-in-brown-and-white-color.jpg?ver=6
Red Long Beef Hang Local Stock Photo,https://thumbs.dreamstime.com/t/red-long-beef-hang-local-13970520.jpg
"Lenny Buckle Onbuhimo baby carrier, standard size, jacquard weave (100% cotton) - DRAGONFLY RAINBOW DARK  #babywearing",https://static.lennylamb.com/images/g/1200/800/24771.jpg
Just One Night by Nancy Warren,https://i1.wp.com/dearauthor.com/wp-content/uploads/2012/09/177003088.jpg?resize=150%2C150
Ceiling in the Vatican,https://i2.wp.com/travelwithwendy.net/wp-content/uploads/2018/03/Ceiling-in-the-Vatican.jpg?w=316&h=561&ssl=1
"Thumbnail 3 bed terraced house to rent in Morton Street, Leamington Spa",https://lid.zoocdn.com/354/255/97207a09eb12425eb57372d735ce42863bc8a9c3.jpg
Growing Up With Bach Flower Remedies: A Guide to the Use of the Remedies During Childhood and Adolescence,"https://images-na.ssl-images-amazon.com/images/I/51CT98PZF6L._AC_UL160_SR100,160_.jpg"
Lonely Planet Central America on a shoestring (Travel Guide),http://ecx.images-amazon.com/images/I/51-gZ92VX4L.jpg
Original Antique Victorian Silver Lion Locket,https://img0.etsystatic.com/216/0/10651446/il_340x270.1227371750_jb4u.jpg
coronary : Senior person having heart-attack. Old man with severe pain in chest. Symptoms of myocardial infarction. Stock Footage,https://vidcdn.123rf.com/450nwm/denisfilm/denisfilm1804/denisfilm180401785.jpg
Simu Liu as Shang-Chi in Shang-Chi And The Legend Of The Ten Rings,https://cdn.mos.cms.futurecdn.net/ytntKPpWJc6YuYSag3skNk-320-80.png
"Cotton-pickers at work, Texas, circa 1925.",https://media2.wnyc.org/i/800/0/l/80/1/81668265.jpg
Journey to the River Sea (Audio CD),https://storage.googleapis.com/circlesoft/document/photos/001/101/037/large_9781405051385.jpg
"Cityscape of Exeter, UK, on a sunny day, Aerial PAN Stock Footage",https://images.pond5.com/cityscape-exeter-uk-sunny-day-footage-093426804_iconm.jpeg
Lord of the Rings Legolas Battle Diorama Statue from Iron Studios,https://mlpnk72yciwc.i.optimole.com/cqhiHLc-eOclwvZN/w:1080/h:1080/q:75/https://bleedingcool.com/wp-content/uploads/2020/04/lotr-legolas-statue-013.jpg
"Hill's Prescription Diet k/d Kidney Care with Chicken Canned Dog Food, 13 oz, 12-pack wet food",https://images-na.ssl-images-amazon.com/images/I/71JcrVXhmeL._AC_SL300_.jpg
Hand Embroidered Women's Slim Cut Fisherman Pants in Orange,https://cdn.shopify.com/s/files/1/0320/2242/9834/products/W-FMS02-10_0005_DSC_7744_400x.jpg?v=1597743586
folding electric bike,https://www.zhsydz.com/wp-content/uploads/2018/08/folding-electric-bike.jpg
"Hawaii shark attack kills swimmer off Kaanapali Beach, Maui",https://cdn.images.dailystar.co.uk/dynamic/204/photos/173000/620x/hawaii-shark-attack-781429.jpg
IXS Backpack Day,https://cdn.webshopapp.com/shops/167915/files/322312701/400x400x2/ixs-backpack-day.jpg
Virtualization Techniques & Cloud Compting,http://cdn.slidesharecdn.com/ss_thumbnails/virtualizationcloud-100515160437-phpapp02-thumbnail-2.jpg?cb=1274287021
Harley Quinn #62 comic books for sale,https://www.covernk.com/Covers/S/H/Harley%20Quinn%202016%20series/harleyquinn2016series62.jpg
2020 Dubarry Racer Aquasport Shoes / Trainers White 3734,https://cdn.wetsuitoutlet.co.uk/images/thumbs/3729-white.150x300.jpg
Fernand Leger Mona Lisa with Keys  1930,http://www.soho-art.com/shopinfo/uploads/1158305013_small-image_1039033859_smallimage_42_mona_lisa_with_keys_1930_sm.jpg
Up From Freedom - Wayne Grady,https://whatdavidread.files.wordpress.com/2019/01/Up-From-Freedom-Wayne-Grady.jpg?w=840
Lip Gloss (New Packaging)  6ml/0.18oz,https://a.cdnsbn.com/images/products/18375702602.jpg
"ultra realistic portrait painting of Antonio Felix da Costa ( Formula E Race Driver) , painted by Tristan Eaton Stanley Artgerm and Tom Bagshaw",
"Arthas Menethil as a fantasy D&D paladin, portrait art by Donato Giancola and James Gurney, digital art, trending on artstation",
"morbidly obese keanu reeves using a sniper rifle, painting, elegant intricate digital painting artstation concept art by mark brooks and brad kunkle detailed",
an woman in an elaborate and ornate dress lies on a bed of colorful jewels. painting by artgerm and greg rutkowski and alphonse mucha.,
"anime girl Playing the Piano instrument , digital Art, Greg rutkowski, Trending cinematographic artstation",
"cool jar with anime sunglasses, pixiv",
"a fat cat by andy warhol, digital art, trending on artstation",
"the aardvark plays with the anaconda on a friday while taking out the trash, trending on artstation",
"red panda in a spacesuit in space having an epiphany nebula in the background, trending on artstation, highly detailed",
"amazing lifelike award winning pencil illustration of kim Woodburn trending on art station artgerm Greg rutkowski alphonse mucha cinematic",
"astronauts fighting aliens on the moon, trending on artstation, horror, science fiction",
"portrait of a warforged character holding a paladin engraved longsword and carrying a big shield, epic rough concept art, by Greg Rutkowski",
"a realistic white wolf, walking through a psychedelic forest, wide angle landscape shot, pixar style by tristan eaton stanley artgerm and tom bagshaw",
"kowloon walled forest city, still from studio ghibli anime movie, digital art, artgerm, trending on artstation",
"a village on a tropical island, very colorful, beach, palms, trending on artstation",
"lofi biopunk portrait of shrek as a disney princess, pixar style, by tristan eaton stanley artgerm and tom bagshaw.",
"a ultradetailed beautiful panting of a woman dipping her toe in water, by conrad roset, greg rutkowski and makoto shinkai, trending on artstation",
"cyclops minature spider horse, trending on artstation, scary",
"1 9 7 0 s yamaha motorcycle concept, sketch, art,",
"futuristic surreal concept art of a library building, 3 d render, octane render, architecture, external view",
"a portrait of cyberpunk samurai with double sword, bloodborne concept art, 4 k",
"beautiful detailed illustration of catholic anime angel praying in church, pixiv",
"a modern impressionist painting of a beautiful woman with a smartphone, oil on canvas, van Gogh style, trending on artstation",
"anime warrior holding a powerful weapon, dramatic colorful lighting, trending on art station, image of the day, greg rutkowski",
"dark sinister vampire lair interior by Lee Madgwick, library, adventure game, inspired by Diablo concept art",
"lenin in mortal kombat mk 1 1 video game splash screen concept art very very detailed",
"detailed futuristic robot with huge brain at the big scifi server hall. high detailed render by artgerm, hajime sorayama and eddie mendoza",
"private lessons that i'm always hoping for. trending in artstation, matte painting, illusionism",
"fallout 3 concept art car render in unreal 5 ultra realistic",
"the ultimate gigachad, incredibly muscular Friedrich Nietzsche, Friedrich Nietzsche with chiseled jawline, character art, trending on artstation",
"richly detailed color illustration of a grand-old-opry performance illustrated by Artgerm and Mina Petrovic and Timothy Kong and Marina Federovna. 3D shadowing",
"most amazing golf shot ever, digital illustration portrait design, by android jones and greg rutkowski",
"pregnant woman under street light, highly detailed, sharp focused, ultra realistic digital concept art by Nil Tawata",
"cute possum in its pajamas sleeping in a bed in a medieval cluttered cottage at night under the dim light of a candle,  dark fantasy, dreaming illusion, trending on artstation",
amazing lifelike award winning pencil illustration of deborah Mitford trending on art station artgerm Greg rutkowski alphonse mucha cinematic,
a beautiful masterpiece painting of a cybernetic wizard discussing sentience with his AI by Remedios Varo and Anato Finnstark and Greg Rutkowski,
"the dark sorceress bestows her magic upon her disciple, which is kneeling in front of her, concept art, trending on artstatio HD",
"i crave only the cold clean certainty of steel and silicon, trending on artstation",
"portrait of a smiling beautiful black woman with fluffy afro made of lilies surrounded by monarch butterflies by alphonse mucha, full color digital illustration trending on artstation, octane render",
"real photo of a transparent glass in the shape of a duck in a crowded bar, fantasy, trending on artstation",
"a beautiful Norse Warrior based on Alun Armstrong with glowing aura by Greg Rutkowski and Raymond Swanland, Trending on Artstation, cloudy background, ultra realistic digital art",
"The city of atlantis rising from the ocean, a fantasy digital painting by Greg Rutkowski and James Gurney, trending on Artstation, highly detailed, high resolution",
"TIME magazine cover, the coming AI singularity, by Artgerm",
"hyper realistic, portrait of asian mark zuckerberg, painted by greg rutkowski,",
"scifi astral spirit space journey in oil painting, trending on artstation, award winning, emotional, highly detailed ethereal surrealist art",
beautiful lifelike award winning marble stone carving bust of terry pratchett trending on art station artgerm greg rutkowski alphonse mucha museum quality cinematic atmospheric,
"interior of the israeli parliament in ruins, post - apocalyptic, high quality, concept art",
Peace valley landscape wonderland crossroad pastel beauty,
a beautiful landscape at night big moon and stars in the sky matte painting dark blue tones concept art 4 k,
The melody sings what the words can't say,
"decorated modern country house interior, trending on artstation, hdr, 8 k, light reflections",
"Anime art very beautiful Hatsune miku by artgerm, Gil Elvgren, Earl Moran, Enoch Bolles, symmetrical shoulders",
"a beautiful new creature from folklore, clear detailed view. ethereal fantasy art by greg rutkowski",
concept art of a bus stop for the far north in the style of marc simonetti,
a concept art of a hippopotamus riding a bike in the sunset,
"fantasy art of a bustling tavern in china, at night, by ralph horsley, highly detailed digital art, trending on artstation",
"ryu from street fighter, illustration by glen keane and jin kim, concept art, disney - h 6 4 0",
"octopus crocodile monster, character design, concept art, artstation",
"sculpture or monument for brutalist villain base, concept art oil painting by Jama Jurabaev, extremely detailed, brush hard, artstation",
"a beautiful Norse Warrior based on Susan Boyle with glowing aura by Greg Rutkowski and Raymond Swanland, Trending on Artstation, cloudy background, ultra realistic digital art",
"a castle in a field of white flowers, cenematic, poster art by james gurney jesper ejsing, ilya kuvshinov, greg rutkowski on artstation",
A painting of a Galaxy trending on artstation in the style of Greg Rutkowski,
| by Greg Rutkowski and Greg Staples with James Gurney | hyperrealism artwork beautiful detailed painting | trending on Artstation,
"old oil painting of a yoda holding a round bell, trending on artstation",
"realistic character portrait, ant alien, trending in artstation, purple color lighting",
"detailed concept art illustration painting of an anthropomorphic capybara pirate in full intricate clothing, ultra detailed, digital art, octane render, 4K",
"A bored teenager in a classroom looking at his smartphone, artwork by Craig Mullins, detailed, trending on artstation",
"two samurais fighting with each other, art by ruan jia, trending on artstation",
"a painting of kunal - nayyar as the mob - boss in the godfather, by arthur suydam trending on artstation, oil painting rebrandt",
"a ultradetailed beautiful panting of coke woman, by conrad roset, greg rutkowski and makoto shinkai, trending on artstation",
a group of cats playing dungeons and dragons around a table in a dark cellar. concept art. sketch. artstation. hq,
"concept art of the apple car released in 2 0 4 0 ultra detailed, 8 k, digital art",
"lofi portrait of scarlett johansson in bikini, Pixar style, by Tristan Eaton Stanley Artgerm and Tom Bagshaw.",
"portrait of donald trump sweating profusely, by monet, ultra detailed, trending on artstation,",
"fantasy art of a bustling tavern in china, at night, by anton pieck, highly detailed digital art, trending on artstation",
"new york city, style game square enix life is strange remake, trending on artstation, painted by greg rutkowski, render with game the last of us parte ii details",
"A 3d model of a hindu warrior riding a majestic white elephant, artstation, concept art",
parallax datacenter server room single mono colossus white rusty android robosaurus artstation cinematic detailed concept art volumetric light sharp coherent cgsociety symmetric perfect well balanced shadows lotr alien,
"young attractive witch portrait by anna podedworna, greg rutkowski, gaston bussiere, simon bisley",
"a ultradetailed beautiful panting of a stylish woman surrounded by pills, by conrad roset, greg rutkowski and makoto shinkai, trending on artstation",
"a man made of fire and smoke, male, full body view, beautiful high quality realistic fantasy art, trending on artstation by artgerm and greg rutkowski and alphonse mucha",
"cute tiny goblin girl wearing hunter armor from Bloodborne and a wizard hat, geeen skin, d&d, trending on artstation",
"a capybara is standing on astronaut, phantasia photo, concept art",
"sneaker concept on a wooden table, hyper realistic concept art, trending on artstation h",
a very important date | artgerm pop surrealism cgsociety ross tran,
"Daniel Radcliffe wearing a monks tunic holding a glowing fire magical staff. Trending on Artstation, octane render, ultra detailed, art by Ross tran",
front shot of an ugly goblin ominous elegant detailed concept artstation sharp focus ray tracing cinematic masterpiece fine portrait,
"reimu hakurei, shrine maiden from touhou, matte painting by artgerm, artstation, beautiful",
super detailed ultra realistic oil painting of a witches house along a river with waterfalls under the moon concept art by studio ghibli and by thomas kinkade,
concept art of a steam - powered xix century computer,
"white soldier kittens riding turtles going into battle, cute, digital oil painting, trending on artstation",
"lofi lovecraftian lovecraft venom steampunk mermaid portrait of scarlett johansson in bikini, octopus, Pixar style, by Tristan Eaton Stanley Artgerm and Tom Bagshaw.",
"lofi man on the couch sucking his thumb, Pixar style by Tristan Eaton Stanley Artgerm and Tom Bagshaw, high detail",
"portrait of scarlett johansson as captain marvel, mask, by artgerm",
amazing lifelike award winning pencil illustration of Del Boy trending on art station artgerm Greg rutkowski alphonse mucha cinematic,
"portrait of a hybrid of benedict cumberbatch and freddie highmore and timothee chalamet, photo realistic, highly detailed, perfect face, art by artgerm",
"anime, full body, girl standing in the top of hill, pixiv, illustration",
"moogle mayhem, kupo kupo kupo!! art by wlop and artgerm and greg rutkowski, masterpiece",
"A FULL BODY PORTRAIT FROM BEHIND OF A SANURAI FROM MANGA VAGABOND    ,detailed, concept art, ink style , sketch",
"lofi biopunk portrait of harley quinn, bioshock background, Pixar style, by Tristan Eaton Stanley Artgerm and Tom Bagshaw.",
"the lich king, world of warcraft, in the style of graven tung, digital art, trending on artstation",
"dream concept art, angel knight girl, artstation trending, highly detailed",
"a space station bar with humans and aliens interacting and drinking, artstation, concept art by peter chan, colorful lighting",
"nicolas cage hiding behind a corner holding a pipe in silent hill, ultra realistic, highly detailed, trending on artstation",
"elven princess warrior selena gomez, detailed hd art, artstation, fantasy concept art",
"my new job, by wlop, artgerm, elvgren, mucha",
"charcoal drawing of a rabid dog, trending on artstation",
"Baby Yoda by Jeszika Le Vye, trending on artstation, hyperdetalied,",
"lofi underwater bioshock steampunk portrait of scarlett johansson, octopus, Pixar style, by Tristan Eaton Stanley Artgerm and Tom Bagshaw.",
"a german castle on the cliff, by greg rutkowski and thomas kinkade, trending on artstation",
"woman mars, concept art,artstation,8k,ultra hd detaling",
"The Master from Fallout 1, close-up portrait art by Donato Giancola and James Gurney, digital art, trending on artstation",
"the great pretender, character art by Donato Giancola, Craig Mullins, digital art, trending on artstation",
"very cute baby cyborg hyena, realistic concept art, cyberpunk",
call the prime land from the yeast by by mike winkelmann trending on artstation,
a painting of a rainbow trending on artstation in the style of greg rutkowski,
ryan church jon mccoy concept art painting man wearing grey hazmat suit gas mask lying down in the grass watching the beautiful sunrise,
"black micron pen illustration, dragon with steam punk apparatus on its side, concept art, white background, artstation",
"the transfiguration of jesus christ in the style of jojo's bizarre adventure, highly detailed, trending on artstation",
"propaganda poster slipknot corey taylor, 8 k, trending on artstation",
"dr strange looking into a portal hopping and time warping with reckless abandon, masterpiece digital painting by Greg Rutkowski, Alex Grey, artstation, 4k wallpaper",
"the undead football player fights an ancient god, concept art by boris vallejo and michael whelan",
"The last of us poster, concept art, trending on artstation, 4k",
"a ultradetailed beautiful panting of a stylish girl in a volleyball jersey, by conrad roset, greg rutkowski and makoto shinkai, trending on artstation",
"Henry Cavill fighting off a Necron army, closeup character art by Donato Giancola, Craig Mullins, digital art, trending on artstation",
"a beautiful detailed portrait of natalie imbruglia age 2 3, by artgerm, high details",
"Demon Knight of Death, by Artgerm and Greg Rutkowski and Alphonse Mucha",
"maremma Rollerblading, 80s style, very detailed, dramatic laser lighting, electrical",
concept art of bear delivering news papers,
"The gate master tarot card by Tomasz Alen Kopera, masterpiece, trending on artstation",
"movie poster of Daria Strokous staring in a 1980 horror movie, zombie themed, by artgerm and greg rutkowski",
"portrait of cartoon girl, cloudy sky background lush landscape illustration concept art anime key visual trending pixiv fanbox by wlop and greg rutkowski and makoto shinkai and studio ghibli",
"pregnant woman under street light, highly detailed, sharp focused, ultra realistic digital concept art by Steve Mccurry",
"spaceship landing on a gas planet by Marc Simonetti and John Berkey, concept art, HD, 8K",
"indistinct man with his hand up, using magic to control a multitude of people like an orchestra, fantasy, digital art, trending on artstation",
"the midnight creeper, Darrell K Sweet, artstation, concept art, digital art",
"annotated highly detailed and intricate 4 5 degree isometric cross section of emma watson, marker concept art style render, colored",
dmc 5 vergil fighting master chief trending on artstation closed up view,
"large futuristic city surrounded by yellow grass and red trees, with a gas giant in the sky, concept art",
"portrait of 2B nier automata wearing skin tight clothes in Half life 2, digital art, trending on Artstation, CGSociety",
"super mario movie 2 0 2 3, 4 k, art station concept, highly detailed",
"nazo no kanojo x by ueshiba riichi illustration, highly detailed, concept art, ilya kuvshinov, intrincate details",
3 d sidewalk by studio ghibli studio key hideaki anno sakimichan stanley artgerm lau rossdraws james jean marc simonetti elegant highly detailed digital painting artstation pixiv,
"futuristic supersonic passenger jet, concept art, 1 9 7 0 s style, saturated colors",
"walter white with a price of cheese for a head cheese for a head, cinematic photography, trending on artstation, -",
"tortoise in the desert pyramid ziggurat highly detailed concept art schematic, Laurie Greasley",
"a joyful caterpillar, eyes, smile, art by Thomas Kinkade, trending on artstation",
"painting of skyline of berlin at sunset, natural light, concept art, by greg rutkowski, cozy atmospheric and cinematic lighting",
"character concept art by ian pesty, dramatic lighting",
amazing lifelike award winning pencil illustration of Winona Ryder and Christina ricci trending on art station artgerm Greg rutkowski alphonse mucha cinematic,
"black male teen wearing a baseball uniform and ball cap holding a glowing baseball orb. trending on artstation, octane render, ultra detailed, art by ross tran",
"pokemon overworld map of ohio, octane render, trending on artstation, intricate detail",
"black red ink smoke portrait of pepe the frog, artgerm, wlop, artstation",
"A handsome man with Black and White hair, portrait, digital art, trending on artstation, behance",
"Sachin Teng illustration of an angry afropunk female character, medium shot, asymmetrical, profile picture, trending on artstation",
"waluigi smoking crack out of a light bulb with danny devito, but danny devito is a simpsons character, concept art, 4 k,",
"sad couple in a futuristic home office, painted by artgerm and tom bagshaw, intricate, highly detailed digital art",
"pointillism painting of a white and caramel beagle dog playing with dragonfly, bright, god rays, dreamy, trending on artstation",
"Bernie Sanders utopian future art by Moebius, concept art, 8k, highly detailed, artstation",
"concept art of realistic blood tsunami crash to city center in the middle of eclipse, artstation, old testament angels with 10 eyes rise, people",
"guild wars 2, cinematic battlefield, Hyperrealistic CGI Photorealistic cinematic volume lighting fanart on ArtStation full sun shine day concept art, digital art, high detail by Daniel Dociu",
"two beautiful idols standing face to face, trending artstation, pixiv, detailed anime art",
"anthropomorphic bear fighting an anthropomorphic bull, Pixar style, by Tristan Eaton Stanley Artgerm and Tom Bagshaw.",
"female plague doctor donning a black hood, steel knightly armor and a white crow mask, trending on artstation",
amazing lifelike award winning pencil illustration of princess Diana trending on art station artgerm Greg rutkowski alphonse mucha cinematic,
"A beautiful painting of russian village in dark forest by ivan shishkin and marc simonetti, trending on artstation,matte painting",
"Happy bear drink beer on birhtday by Hayao Miyazaki, trending on artstation",
"Lofi portrait with gadgets, Pixar style by Joe Fenton and Stanley Artgerm and Tom Bagshaw and Tim Burton",
"closeup of a pug with moss growing out of its face folds, macro photography, overgrown pug, high resolution photo, trending on artstation",
the tropical jungle the wall wood fortress borderland style vivid colorful  Hyperrealistic CGI Photorealistic cinematic volume lighting fanart on ArtStation  concept art,
"three different views of a predator set for dota 2, concept art by senior character artist, trending on artstation, artstation hd, full body",
"Beekeeper pope portrait, heavenly clouds, radiant light, ethereal fantasy art by peter mohrbacher and artgerm",
A painting of Oblivion Reef trending on artstation in the style of Greg Rutkowski,
"high quality 3d render of block figures looking like roblox figures helping each other, bright and fun colors, octane render, trending on artstation",
"the tin man as vega street fighter, 4 k, ultra realistic, detailed focused art by artgerm and greg rutkowski and alphonse mucha",
"A beautiful concept art painting of a giant levitating stone with waterfalls falling off its edges, by Natasha Tan, trending on artstation, dramatic lighting",
hyperrealistic close-up pastel postmodern exoskeleton! chinese man highly detailed concept art eric zener elson peter cinematic hard blue lighting high angle hd 8k sharp shallow depth of field,
"portrait of Ben Askren, art by greg rutkowski, matte painting, trending on artstation",
"beautiful illustration of a white haired knight with a falcon armor, in the style of james jean and victo ngai and sam guay and moebius, vibrant moody colors, trending on artstation",
"the portrait of a majestic princess by petros afshar and james gilleard, 4 k, trending on artstation",
"cute anime monsters listening to record players by Goro Fujita and Simon Stalenhag and Banksy and Hieronymous Bosch, 8k, trending on artstation, hyper detailed, cinematic",
"cyberpunk black woman with afro hair, corcovado on the background, blue and purple digital art trending on artstation, atmospheric lighting, artgerm",
"fat man depressed in a lonely road, night, galaxy sky, by artgerm, rule of third",
"cute little boy wearing an doctor suit, purple color palette, inspired in made in abyss and hirohiko araki, ray tracing, featured in pixiv",
amazing lifelike award winning pencil illustration of Alan rickman trending on art station artgerm Greg rutkowski alphonse mucha cinematic,
"graffiti on a wall of anime gundam, speed painting, trending on artstation",
"toddler hiking in the woods, digital art by ruan jia and mandy jurgens and artgerm, highly detailed, trending on artstation, award winning",
"a one man siting looking at the moon light in front of the lake, trending on artstation",
"komuso monk wearing a straw basket on his head, atmospheric lighting, by greg rutkowski, intricate details, highly detailed",
"portrait of an attractively cute young woman with amazingly dyed medium length hair wearing a short tight black dress think about the galaxy, art by Range Murata and Artgerm.",
a small child mischievously peeking out from behind a tree. painting by artgerm and greg rutkowski and alphonse mucha,
"madison beer in the style of gta san andreas, in the style of artgerm, rossdraws",
"concept art close up blue cyberpunk character with a plastic mask, by shinji aramaki, by christopher balaskas, by krenz cushart",
"a beautiful detailed 3 d matte portrait of tarja halonen, by artgerm, high details",
"Copied City, game concept art by Akihiko Yoshida, trending on artstation and cgsociety",
A painting of Olympus trending on artstation in the style of Greg Rutkowski,
"a portrait of Miku by Artgerm, anime heroine, anime girl",
"a portrait of my next DND overpowered character , concept art, DND, trending on artstation 3D.",
"Lofi portrait in a library, Pixar style by Tristan Eaton and Stanley Artgerm and Tom Bagshaw and Tim Burton",
"ivanka trump as a mark ryden doll, detailed digital art, trending on Artstation",
"a beautiful portrait of death goddess by Greg Rutkowski and Raymond Swanland, Trending on Artstation, ultra realistic digital art",
"portrait of a swat cat, highly detailed, shallow depth of field, art by artgerm and greg rutkowski",
"a beautiful Norse Warrior based on Mr Blobby with glowing aura by Greg Rutkowski and Raymond Swanland, Trending on Artstation, cloudy background, ultra realistic digital art",
"pikachu surfing on a wave made of green slime, pokemon tcg image, trending on artstation",
"a beautiful victorian painting of a distinguished gentleman, by william holman hunt, john everett millais, george frederic watts, trending on artstation",
"the vast universe contained inside  a glass bottle, insanely detailed, unreal render, dramatic light , concept art",
wonderdream faeries lady feather wing digital art painting fantasy bloom vibrant in style of yoji shinkawa and hyung - tae kim illustration character design concept colorful joy atmospheric lighting butterfly,
"a stunning GTA V loading screen with a beautiful woman with ombre hairstyle in purple and pink blowing in the wind, classic car, city streets, digital art, trending on artstation",
Behind the troubled indecisive man was The portal into his imagination containing a swirling vortex of memories and ideas.  High concept art. Introspective. Blue black gold themed.,
"14 year old kristina pimenova, in the style of yoji shinkawa and naruto, epic concept art",
"a strong lovecratian monster attacks a rich los angeles suburb, matte painting trending on artstation, james gurney, view from a car, ominous sky",
"high detail portrait of a beautiful woman with her hair down and surrounded by soft florals, vaporwave lighting, dewy skin, concept art, beautiful",
young male spaceman illustration fantasy digital art by guweiz trending on artstation,
"minecraft deep dark warden in amongus spaceship digital painting, hyper concept art, smooth, crisp sharp focus, simple draft aaa unreal artstation",
"medieval town, summer morning light, watercolor painting by john singer sargent, trending on artstation",
"Jacksepticeye as GTA V Concept art, digitl art, award winning",
"lovecraftian portrait of stephen fry, pixar style, by tristan eaton stanley artgerm and tom bagshaw",
"black red ink smoke portrait of evanescence, artgerm, wlop, artstation",
"Mashup of Abstergo Industries and Blade Runner 2049, masterpiece digital painting by Greg Rutkowski, Alex Grey, artstation, 4k wallpaper",
"a man walking into the matrix, concept art, illustration, highly detailed, artwork",
"aerial view of a rainforest canopy, by studio ghibli and greg rutkowski,",
"golden bay new zealand, abel tasman, Lastreopsis hispida, colorful oil painting, trending on artstation",
"detailed concept art of a huge unicorn kirin by cheng yi and luolin, artstation, artstationhd",
"a portrait of a gentleman half ogre half man, art by mark brooks and brom gerald and artgerm, octane render, trending on artstation",
"bill burr in a superhero costume surrounded by a raging firestorm, cosmic horror painting, elegant intricate digital painting artstation concept art by mark brooks and brad kunkle detailed",
"the boy who caught the sun in his web by Abigail Larson, digital concept art, trending on artstation",
Character sheet of gorgeous pool party ahri (League of Legends). 3d octane render trending on artstation,
"a beautiful painting of a lone van driving into the distance on a deserted desert highway by carl gustav carus, highly detailed, concept art, cinematic lighting, high noon",
"character concept of a singular Jamaican fisherman posing in a battle stance in the Jamaican sea, colors of Jamaica, by Ross Tran and Artgerm and Peter Mohrbacher",
Portrait of Jane 9SAJd in a futuristic spacesut highly detailed digital painting artstation concept art by artgerm and greg rutkowski,
"a spot on the beach at twilight where i like to spend time thinking. by john avon and marc simonetti, early evening, moon in the sky, trending on artstation",
"concept art of a tiny being driven, painted by syd mead, high quality",
"an old oil painting of a cute mouse standing on two legs and holding a round bell, trending on artstation",
"a hat in time, vintage comic by greg rutkowski",
"3D rendering of chibi character eating a hamburger, octane render, 8k, trending on artstation",
"a beautiful picture of bright moonlight shines through the window lattice, a girl, by greg rutkowski and thomas kinkade, trending on artstation",
"girl with silk glowing white hair with glowing white stings coming out of her hands, concept art trending on artstation oilpaint portrait character design",
a man illustrated by artgerm and greg rutkowski,
"demonic, hyper detailed, steven seagal by artgerm",
an atomic nuclear fission temple by greg rutkowski and ross tran,
"hyper realistic portrait of thom yorke singer songwriter, side, liminal space, by lee bermejo, alphonse mucha and greg rutkowski mixed with kurt cobain",
"You're something special, we all sing your name",
amazing lifelike award winning pencil illustration of Anastasia Romanov trending on art station artgerm Greg rutkowski alphonse mucha cinematic,
"Henry Cavill and Arnold Schwarzenegger as soldiers, character art by Donato Giancola, Craig Mullins, digital art, trending on artstation",
"Goku samurai in a spring forest full of pink petals, digital art, trending on artstation, HDR",
amazing lifelike award winning pencil illustration of tregar knightmare trending on art station artgerm Greg rutkowski alphonse mucha cinematic,
"Lofi portrait at a window, Pixar style by Stanley Artgerm and Tom Bagshaw and Tristan Eaton and Tim Burton",
"colleen moore 3 3. 5 years old, bob haircut, portrait painted by stanley artgerm, casting long shadows",
"a photograph of a wolf at full moon in a mountainous environment, full moon with fog and clouds, concept art, epic lighting, cinematographic",
"a llama dunking a basketball, 4 k, digital art, high resolution, trending on artstation",
"digital art, trending on artstation, a giant crash bandicoot shooting lightning from his eyes destroying a city",
"fantasy art of a bustling tavern in china, at night, by justin gerard, highly detailed digital art, trending on artstation",
"a ufo flying saucer in the sky attack colosseum in rome at sunset, foggy volumetric light, a beam of light from the ufo, cinematic trending on artstation",
"mickey mouse painted by hieronymus bosch, detailed digital art, trending on Artstation",
"Lofi portrait of Caitrona Balfe, Pixar style by Joe Fenton and Stanley Artgerm and Tom Bagshaw and Tim Burton",
minecraft style concept art of a blue portal to a fantasy world,
"lofi underwater victorian biopunk bikini portrait, octopus, Pixar style, by Tristan Eaton Stanley Artgerm and Tom Bagshaw.",
"monoko and monoe standing back-to-back, trending on pixiv",
"fantasy art of a bustling tea house in china, at night, by ralph horsley, highly detailed digital art, trending on artstation",
beautiful realistic astral portal by artgerm,
"a night scene in a cyberpunk city with intricate neon lights, by jeremy mann, by greg rutkowski, by noah bradley, digital painting",
Lofi portrait Pixar style by Stanley Artgerm and Joe Fenton and Tom Bagshaw,
"a fox fursona wearing a maid outfit, highly detailed, digital art, trending on artstation, furry art",
"fiendish entrapment, flying pitchforks, shrieking, dark particles, trending on artstation",
esher labyrinth. sunrise. watercolor. trending on artstation,
"barney from barney kids show as a realistic fantasy d & d knight, closeup portrait art by donato giancola and greg rutkowski, digital art, trending on artstation",
"concept art of god by jama jurabaev, cinematic shot, trending on artstation, high quality, brush stroke",
"a ultradetailed beautiful panting of lil uzi vert, by conrad roset, greg rutkowski and makoto shinkai, trending on artstation",
"Corgis in no man's sky, 4k, digital art, concept art",
"digital art, trending on artstation, a man using a metal detector in hell",
a portrait of neighbours fighting with a machine guns digital concept art,
"oil painting with heavy impasto of a tropical pirate enclave, cosmic horror painting, elegant intricate artstation concept art detailed",
"a man made of sparkling crystal, full body view, beautiful high quality realistic fantasy art, trending on artstation by artgerm and greg rutkowski and alphonse mucha",
"a close up hyper realistic portrait of a blonde man with a chiseled jawline, vibrant color, edward hopper, trending on artstation",
"colorful dance of love and death by Wassily Kandinsky, trending on artstation",
a girl playing piano. pixar disney 4 k 3 d render funny animation movie oscar winning trending on artstation and behance. ratatouille style.,
"handsome black man smirking condescendingly in an advanced spacesuit in front of exploding nebulae halos, digital illustration trending on artstation by artgerm and rutkowski",
"digital art of pigeons explaining the pigeonhole principle, rendered in octane, epic lighting, trending on artstation",
autumn a cute bear with an umbrella by bramofzo trending on artstation,
"stereotypical Wild West Town Scene with some cowboys and the sheriff by Goro Fujita and Simon Stalenhag , 8k, trending on artstation, hyper detailed, cinematic",
"league of legends twisted fate, fantasy, digital art, concept art, 4 k",
"a painting of a lone magical book laying open on a desk, fantasy concept art, golden hour, cinematic lighting, highly detailed",
"small old house in the woods, in the style of red dead redemption, criminals posing outside, concept art, artstation",
"cara delevingne as a voodoo priestess, detailed digital art, trending on Artstation",
"cara delevingne as mona lisa, detailed digital art, trending on Artstation",
a judgement day has come with no one to judge me ultradetail concept art grim dark very high quality photorender cinematic lighting dramatic hdr color concept art,
"breathtaking detailed concept art painting of noah's ark sailing across the flooded earth, sun half covered by dark clouds",
"a beautiful portrait of an winter goddess with ice hair and closed eyes by Greg Rutkowski and Raymond Swanland, snowflakes falling, Trending on Artstation, ultra realistic digital art",
ralph mcquarrie concept art for ratchet & clank,
"a mystic temple on a mountain surrounded by a forest, joyful matte painting by marc simonetti and christophe vacher, trending on artstation",
portrait of raven themed helmet. concept art contest winner by christoph ferreira ( 2 0 0 7 ).,
"gandalf as batman, by donato giancola and artgerm",
"A gangly humanoid monster running towards a person sleeping in a bed, trending on Artstation, Digital Painting, Insanely Detailed, Award Winning",
"William Gallas wearing an animal hide tunic holding a glowing fire magical staff. Trending on Artstation, octane render, ultra detailed, art by Ross tran",
"A highly detailed beautifuly rendered, front shot of a volkswagen t5 with a picture of Spray painted",
"super saiyan sonic movie poster, yellow fur, super saiyan, sonic the hedgehog, digital art by greg rutkowski",
"very beautiful mermaid, artgerm, artstation, 4 k,",
ultradetailed beautiful portrait of a sad man holding out his last dollar trending on artstation,
"lake filed with molten gold, volume lighting, cat on for ground and purple tower on back ground concept art, by greg rutkowski",
"mandalorian last supper, by leonardo davinci, concept art, oil painting, art station",
"steampunk girl posing in front of a white background, medium long shot, digital art, trending on artstation",
"a transhuman fox fursona in a cyberpunk city, trending on artstation, by kawacy, neon backlighting, furry art",
"serial killer , sketch , trending on artstation , Hyperdetailed , CGSociety",
"Children Concept arts created by Tim Burton, art station",
"boston dynamic spot. in the style of wlop, rossdraws, digital art, artstation trending",
"luke skywalker as a dark jedi, concept art",
"a stunning GTA V loading screen with a beautiful woman with ombre hairstyle in purple and pink blowing in the wind, city streets, golden ratio, digital art, trending on artstation",
"this human has no soul, cinematic shot, 8 k, art by artgerm and greg rutkowski and alphonse mucha",
"a portrait of a cat in a scenic environment by sandra chevrier, hyperdetailed, trending on artstation",
"cybermen dr who as vega street fighter, jump kick, 4 k, ultra realistic, detailed focused art by artgerm and greg rutkowski and alphonse mucha",
a painting of whiplash recovery trending on artstation in the style of greg rutkowski,
mystical forest with a pond with a bright beam of light shining down through the clouds colorful trippy acid trip colorful 8 k 3 d sunshine rays volumetric lighting trending on artstation vray colorful,
"a man siting looking at the moon light in front of the lake, trending on artstation, by jordan grimmer, art greg rutkowski",
"a beautiful painting of the sea of flower, two people, by greg rutkowski, trending on artstation",
"alpaca riding rollercoaster looped around sky scraper into ball pit, digital art, trending on artstation",
"cheetah and a lion run through the forest and see a mountain of balloons , concept art, huge scale, high detail, sci fi by van gogh",
"water pouring neon signs, trending on artstation a surrealism painting by felix kelly depicting an abandoned city underwater in a nebula by tyler edlin and rhads, trending on deviantart cyberpunk city topography",
"a detailed portrait of a tan boy in the desert, fantasy art illustration, incredibly highly detailed and realistic, 8 k, sharp focus",
"The Eye of Providence cyber, concept art",
amazing lifelike award winning pencil illustration of trev and Simon trending on art station artgerm Greg rutkowski alphonse mucha cinematic,
"logo in the style of stranger things saying abcd, trending on artstation",
"cyberpunk 2077 artstation trending, top artist, high quality wall paper",
"a painting of a boy becoming into a tree by John Blanche and Greg Rutkowski, trending on Artstation, midjourney",
"nekomata walking by the streets of the medieval japan, Trending on Artstation, concept art, dark colors, 8k",
"a realistic painting by Raffaello Sanzi depicting the Metal Hero Jiban with the head of the symbiotic Nicolas Cage in the Renaissance,smooth,Sharp focus, trending on Artstation.",
"Ariana Grande wearing metal and leather fantasy battle armor with a red cloak by Ilya Kushvikov, symmetrical face concept art, octane render unreal engine meta humans, artstation",
"beautiful concept art for a music video for the song the woman and the stone by andreas vollenweider, photorealistic and intricate, 8 k hdr, cinematic lighting",
"a portrait painting of anne hathaway / sabrina lloyd hybrid in the oil painting unreal 5 daz. rpg portrait, extremely detailed artgerm greg rutkowski alphonse mucha vladimir volegov",
"movie poster of arnold swartzeneger as heman by greg rutkowski, vivid color scheme, unreal engine 5",
"the majestic taj mahal at the heart of the city, trending on pixiv",
"concept art of scientist by jama jurabaev, scifi, trending on artstation, high quality, brush stroke",
amazing lifelike award winning pencil illustration of sister Mary Patrick Kathy najimy trending on art station artgerm Greg rutkowski alphonse mucha cinematic,
Xbox 720 concept art,
"love is patient love is kind, photorealistic oil painting by charlie bowater and mark blooms, wlop ; trending on artstation",
"alien octopus with 3 eyes wearing a samurai helmet and holding a laser rifle, photorrealistic concept art, digital art, cyberpunk",
a beautiful woman in a space themed ballgowm. beautiful highly detailed face. painting by artgerm and greg rutkowski and magali villanueve.,
"the fourth race of starcraft 2, heavily inspired by one piece, character first look, highly detailed and beautiful concept art",
"fantasy concept art of stalin as a boss in dark souls, colored, trending on artstation",
"concept art of the inside of a hobbit - hole, digital art, trending on artstation",
realistic robot in The Scream painting inspired Beholder Concept by Marcus Whinney trending on artstation,
"marie curie walking in the woods digital art by ruan jia and mandy jurgens and artgerm, highly detailed, trending on artstation, award winning",
"detailed artwork flyer of a  hardstyle DJ, in the style of art of Artgerm and Greg Rutkowski and Alphonse Mucha, headphones, sunglasses,  stage  speakers",
volibear the white muscular wild bear with runes using storm on frejlord from league of legends trending on artstation bloom,
a woman with butterflies on her face. beautiful highly detailed face. painting by artgerm and greg rutkowski and raymond swanland.,
"casual game, concept art",
"cute anime monsters listening to record players by Goro Fujita and Simon Stalenhag and Banksy and Kandinsky, 8k, trending on artstation, hyper detailed, cinematic",
"a painting of three brown men and a brown woman standing on top of a giant open book, detailed digital art, aesthetic!, trending on artstation",
werewolf hunter faeries lady digital art painting by marco mazzoni fanart of artstation 8 k tim hildebrandt and akashi murakami and hans bellmer illustration character design concept dark atmospheric lighting,
"lovecraft lovecraftian portrait of freddie mercury, pixar style, by tristan eaton stanley artgerm and tom bagshaw, retro future",
"Lofi pale redhead with freckles portrait, Pixar style, by Tristan Eaton Stanley Artgerm and Tom Bagshaw.",
"a realistic painting by Raffaello Sanzi depicting the Shahrukh Khan in Kamen Rider suit in the Renaissance,smooth,Sharp focus, trending on Artstation.",
"cute creature with light brown fur and wings, surreal, concept art, digital art",
"a ultradetailed beautiful panting of a stylish woman in a black dress sitting, by conrad roset, greg rutkowski and makoto shinkai trending on artstation",
"a vintage portrait painting of a gentleman half ogre half man, art by artgerm and anna dittman and william - adolphe bouguereau",
"red crystal alien girl, fantasy art, trending on artstation",
"portrait of a beautiful cute girl with robot ears falling into the third dimension by greg rutkowski, 4k, intricate details",
"Gorgeous armor achaemenid persian warrior girl by ilya kuvshinov, krenz cushart, Greg Rutkowski, trending on artstation",
"a mother holding her daughter with curly brown hair, beautiful painting by artgerm and greg rutkowski and alphonse mucha",
"a girl reading a book, city park, street lighting, greg rutkowski, digital painting",
"beautiful Richard Nixon holding a stack of books, art by artgerm and greg rutkowski and alphonse mucha",
"1 9 9 0 s suzuki streetfighter motorcycle concept, sketch, art,",
"man with a horse mask is standing on crawling astronaut, concept art, fantasia photo",
"a cute and small ogre wizard, hearthstone, concept illustartion, character art,",
"ultra realistic jack mcbrayer as guile from street fighter,, 4 k, ultra realistic, detailed focused art by artgerm and greg rutkowski and alphonse mucha",
wolf with bird wings with snail shell and snake head with dragonfly eyes millipede legs and peacock - eye butterfly colors | 3 d render | trending on artstation,
"female wearing venetian carnival mask by artgerm, greg rutkowski, alphonse mucha",
"a giant floating steampunk airship, by Mikhail Vrubel, trending on artstation",
"a beautiful portrait of a water goddess with transparent skin by Greg Rutkowski and Raymond Swanland, Trending on Artstation,  fishes background, ultra realistic digital art",
"the dnd monster pung, concept art",
Amanda Shen in a futuristic spacesut highly detailed digital painting artstation concept art by artgerm and greg rutkowsi,
"jack black wearing flower crown in midsommar, elegant intricate digital painting artstation concept art by mark brooks and brad kunkle detailed",
"Steven Ogg stars in the role Rick from Rick and Morty, concept art",
"statue of a 1 8 th century burmese warrior, john berkey, beautiful digital art, trending on artstation",
"highly detailed concept art golden kratos beard strong viking old golden armor in snow walking 8 k, unreal engine 5",
parallax datacenter server room single mono colossus white rusty android robosaurus artstation cinematic detailed concept art volumetric light sharp coherent cgsociety symmetric perfect well balanced shadows 2 0 4 9,
"action portrait of a beautiful futuristic robot barbarian, massive glowing neon axe, realistic, artgerm and peter mohrbacher style, 4k",
richly detailed color illustration of a militia-protest-faction illustrated by Artgerm and Mina Petrovic and Timothy Kong and Marina Federovna. 3D shadowing,
"digital art, trending on artstation, two 3 0 - year - old men embracing looking at the sunset from the bow of a sailboat",
"Concept art for Donkey Kong 64, creative landscapes level design",
Concept Art of Hank Hill in L4D2,
"action portrait of a female dwarf fist-fighter with braided hair, dramatic 4K trending on artstation by peter mohrbacher, wide-angle photo",
"anime man,asian features,Character art by artgerm NCSOFT Tsuyoshi Nagano",
"a brain screaming at a gun, Tristan Eaton, victo ngai, artgerm",
"a beautiful portrait of a goddess with diamond skin by greg rutkowski and raymond swanland, trending on artstation, ultra realistic digital art",
"concept art of naboo from star wars, building full of red and black flags, cumulonimbus clouds, very very beautiful art.",
"mike ehrmantraut as sagat street fighter, portrait, 4 k, ultra realistic, detailed focused art by artgerm and greg rutkowski and alphonse mucha",
"sci fi goblin girl holding a laser rifle, concept art, full body",
"Haunting horrifying detailed painting of a man made of cloudy smoke, missing teeth and glowing purple lens flare eyes, hyper detailed, trending on Artstation",
beautiful concept art comic book drawing of steve buscemi riding a tricycle by randy vargas and by simon bisley,
"sonic fighting with ryu un street fighter video game. pixel art, trending on artstation",
"tom Cruise farting through the sky, concept art, trending on art station",
"a beautiful portrait of a galaxy goddess by Valls Dino, Trending on Artstation, nebula background",
"sonic the hedgehog, washing dishes, Trending on Artstation, Hiroaki Tsutsumi style",
"student possum reading a book in a cluttered library inside a futuristic spacecraft with views of the universe, chris moore, trending on artstation",
"looking straight down one cellar staircase by Goro Fujita and Simon Stalenhag and Kandinsky and Magritte, 8k, trending on artstation, hyper detailed, cinematic",
"retrofuturistic female android, painting by artgerm julie bell",
"And if it ever starts to feel bad, little fang",
"president bongbong marcos burning in hell, lovecratian, concept art",
"matte painting of a 1 5 th century cityscape, gloomy, fog, elaborate, detailed digital art trending in artstation",
the girl on a windowsill in buryatia. symmetry. accurate anatomy. elegant. concept art,
"earthlings, unfinished concept art oil painting by jama jurabaev, extremely detailed, brush hard, artstation",
"the face of a person entirely made of water. Water formed into the shape of a human. Amazing beautiful fantasy oil painting, trending on artstation",
"beautiful underwater futuristic city, trending on artstation",
"lizard resting atop a tree branch, extreme detail, trending on artstation, art by yakovlev - vad",
colorful character concept art by ian pesty,
"Serious sam as smash characters, concept art",
"red futuristic sports car built entirely using lego, 3 d render, unreal engine trending on artstation, top selection on unsplash.",
amazing lifelike award winning pencil illustration of lin-Manuel Miranda trending on art station artgerm Greg rutkowski alphonse mucha cinematic,
"cute blue cat of cheshire from alice in wonderland. an adorable cat with light blue stripes and a big human like playful smile. award - winning digital art, trending on artstation",
"blurred background. close-up portrait of a goddess in crown, by Artgerm and Afarin Sajedi and greg rutkowski. octane render",
"shall find; knock, and it shall be opened unto you:",
amazing lifelike award winning pencil illustration of Nicholas lyndhurst trending on art station artgerm Greg rutkowski alphonse mucha cinematic,
"female elves carrying two swords, painted by artgerm and tom bagshaw, fantasy art, dramatic lighting, highly detailed oil painting",
"portrait of character holding a paladin engraved longsword and carrying a big shield, concept art, by Greg Rutkowski",
The Scream painting realistic robot inspired Beholder Concept by Marcus Whinney trending on artstation,
concept art landscape futuristic forest city high tech sunset laser festival robot space ships,
"barack obama in the style of gta san andreas, in the style of artgerm, rossdraws",
"sneaker concept art, steampunk, sharp focus, illustration, concept art by tooth wu",
concept art of the moon landing,
"a portrait of a blonde inkling with a huge forehead, concept art, trending on artstation 3 d.",
"hall of gods, with intricate details,, gold lighting by greg ruttowski, trending on artstation",
"one boy silhouette in front of a cyberperunk city, neon lights, very beautiful, trending on deviantart, artstation",
"concept art of the inside of a comfortable hobbit - hole, digital art, trending on artstation",
"portrait of a potato, cloudy sky background lush landscape illustration concept art anime key visual trending pixiv fanbox by wlop and greg rutkowski and makoto shinkai and studio ghibli",
"summer, trending on pixiv",
Danny Devito painting by Artgerm,
"gardens from mars, exquisite plants, exotic animals, digital art trending on artstation",
"cats life digital art in the style of Greg Rutkowski and Craig Mullins, 4k",
"concept art for a car that rides on a spherical wheel, painted by syd mead, high quality",
amazing lifelike award winning skeletal gunslinger trending on art station artgerm greg rutowski alpgonse mucha cinematic,
"islands surrounded by steep cliffs made out of quartz and salt, trending on artstation digital art",
beautiful lifelike award winning pencil illustration of ayanami rei trending on art station artgerm greg rutkowski alphonse mucha museum quality cinematic atmospheric,
"dwayne johnson holding a purple lightsaber wearing brown jedi robes, concept art, ultra realistic",
"an ringed alien planet in outer space, digital render, trending on artstation, 3 d",
"retro cars concept art, 8 k photorealistic, hd, high details, trending on artstation",
"a beautiful painting of robot by aaron horkey, trending on artstation, red background",
"full body of art alien fauna, realistic tic concept art on white background, high details, 4 k",
portrait of chimpanzee as indiana jones muscular fantasy intricate elegant highly detailed digital painting artstation concept art smooth sharp focus,
glitch ghost in the shell L from death note melancholy portrait by makoto shinkai concept art by syd mead,
"A black hole containment unit by Studio Ghibli and Peter Mohrbacher, cinematic matte painting, trending on Artstation",
"dune cover art, art by Donato Giancola and James Gurney, digital art, trending on artstation",
"biopunk pokemon charizard burining, Pixar style, by Tristan Eaton Stanley Artgerm and Tom Bagshaw.",
"beautiful concept art of a young jedi master in a sci fi library, artstation",
"a rainstorm inside a snowglobe. Beautiful colorful clouds in moody greys and blues. High quality digital art, trending on artstation by Artgerm and Greg Rutkowski and Alphonse Mucha",
"a close up realistic portrait of a blonde man with a chiseled jawline, vibrant, edward hopper, trending on artstation",
"bart simpson in a south park episode with butters, digital art by artgerm.",
"portrait of a steampunk pirate, by guweiz and wlop and artgerm",
"A beautiful concept art painting of a gloomy lake with a body floating slightly below the surface by Natasha Tan, trending on artstation, dramatic lighting",
gold plated statue in nyc titled fox the rapper trending on artstation,
cat smokes bong shaped like violin anno sakimichan stanley artgerm lau rossdraws james jean marc simonetti elegant highly detailed digital painting artstation,
"cyborg goddess of technology by senior concept artist josephine wall, trending on artstation, puzzle art",
"marijuana farm outdoor galaxy, concept art, trending on artstation",
"carefree black children smiling and laughing, crisp digital painting by artgerm by mucha by caravaggio and face by wlop",
"xuxa as a jojo's bizzare adventure stand user, by Hirohiko Araki, trending on artstation",
"a colorful woodcut print of a retro futuristic city, trending on artstation",
"little girl with flowers in hair wearing an dress made of feathers, anime style, art by ilya kuvshinov, 8 k, concept art",
"anime key visual of bradley cooper, pixiv",
"a girl in her 2 0 s with wavy black hair by makoto shinkai and tomoyuki yamasaki, madhouse, trending on pixiv",
"overgrown sunken giant copper statue in the autumn forest, fantasy concept art by tyler edlin, antoine blanchard, thomas cole",
"Hello Kitty Gundam, Mecha, Toyko, photorealistic, trending on artstation",
Go gnash your teeth again,
"lovecraftian portrait of luffy, pixar style, by tristan eaton stanley artgerm and tom bagshaw",
"belle delphine portrait ahegao face glossy glare glitter saliva by alphonse mucha and wlop and artgerm, artstation trending",
"beautiful portrait of a female fire fighter who looks like Boa Hancock  , character design by Ross Tran, artgerm  detailed, soft lighting",
"a painting of a black and white cat in a scenic environment by johfra bosschart, hyperdetailed, beautiful, trending on artstation",
"Jesus Christ with wolverine clan claws . Highly detailed painting Greg rutkowski. Good clear quality, high detail, octagon render 8k",
"a monster lurking in the shadows, deep in a dark well, cosmic horror painting, elegant intricate digital painting artstation concept art by mark brooks and brad kunkle and, extreme detailed",
"concept art of the next james bond film featuring an older pierce brosnan in the style of cedric peyravernay, snowy landscapes, extremely detailed",
"a film still extreme close - up shot of an old steampunk wizard in a misty swamp by esao andrews. colorful, vibrant. trending on artstation",
"alien slug with 3 eyes wearing a samurai helmet on its head and holding a laser rifle on its tentacles, photorealistic concept art, digital art, cyberpunk",
"female wearing yoga pants, volumetric lightning, highly detailed, concept art, by jin kim center of",
"Concept art of the triforce held by Link Botw 4k cgi award winning effects, cinema lights",
"portrait of a bear beast - man wearing a turban, with fire in his eyes, wear bloodborne, concept art trending on artstation photorealistic image 8 k",
portal half life 2 concept art dark depressing city with cables hanging from giant supports,
"manila drawn by moebius, artstation, unreal engine, deviantart, concept art",
"Sushi cat, sharp focus, a cat made of Shush, photography by Artgerm and Greg Rutkowski and WLOP",
amazing lifelike award winning marble bust of jesus christ as a super saiyan trending on art station artgerm Greg rutowski alpgonse mucha cinematic,
"a beautiful red asian temple with green details surrounded by torches of blue goblin fire, digital art, 4 k, trending on artstation, devianart and cgsociety",
"cybernetically enhanced hyena, neon lights on body, exposed metal and wires, cyberpunk beksinki style, highly detailed video game concept art for cyberpunk 2 0 7 7",
"will smith wearing luxury suits as a gacha game rare character, cartoon, anime, trend in pixiv, cool color pattern",
"a fantasy style portrait painting of elena cucci in the style of francois boucher oil painting unreal 5 daz. rpg portrait, extremely detailed artgerm greg rutkowski alphonse mucha",
"painting of Mehrangarh Fort, art by artgerm and greg rutkowski and magali villeneuve",
Lofi aquatic portrait Pixar style by Joe Fenton and Stanley Artgerm and Tom Bagshaw and Tim Burton,
"fantasy art of a bustling tavern in china, at night, by masamune shirow, highly detailed digital art, trending on artstation",
"futuristic, dreadnaught, battleship, concept art, by neil blevins",
a highly detailed beautiful portrait in the style of artgerm.,
"close up concept art of a loud victorian woman, by sabbas apterus, by donato giancola",
"a group of lizard-like kobolds digging in a tunnel by torchlight, dungeons & dragons artwork by Artgerm, Don Bluth",
"a beautiful highly detailed matte painting of a night at Moscow city, by Jose Daniel Cabrera Pena and Leonid Kozienko concept art by Tooth Wuan",
teen priestess _ female _ fantasy _ flames _ frost _ dramatic _ intricate _ elegant _ highly _ detailed _ digital _ painting _ artstation _ concept _ art _ smooth _ sharp,
"a picnic on the beach by by tsuyoshi nagano, greg rutkowski, artgerm, alphonse mucha",
"sculpture of persephone, goddess of the underworld, made by michelangelo, concept art",
amazing lifelike award winning pencil illustration of Scottish police drama taggart trending on art station artgerm Greg rutkowski alphonse mucha cinematic,
"Kim Kardashian as a fantasy D&D character, portrait art by Donato Giancola and James Gurney, digital art, trending on artstation",
"a painting of a suburban street by jama jurabaev, cinematic shot, trending on artstation, high quality, ultra realistic",
"awoke to sweet smells, by wlop, artgerm, greg rutkowski",
a very important place | salvador dali artgerm pop surrealism cgsociety ross tran,
"tigerwolf in Gundam , trending on pixiv",
"your mom is a cosmic horror by bruce brenneise, digital concept art, trending on cgsociety, trending on artstation",
"mythical dragon, digital art, by Tristan Eaton Stanley Artgerm and Tom Bagshaw",
